,HMDB_ID,Metabolite,Gene,Metabolic process,Metabolic pathway,Database,Evidence
0,HMDB0000122,D-Glucose,Slc2a1 / Slc2a10 / Slc2a12 / Slc2a2 / Slc2a3 / Slc2a4 / Slc2a6 / Slc2a7 / Slc2a8 / Slc2a9,Glucose metabolism,Glucose transporters,MEBOCOST / PMID: 31993307 / PMID: 34511324,PMID: 31993307 / PMID: 34511324 / Recon2
1,HMDB0000143,D-Galactose,Slc2a1 / Slc2a10 / Slc2a2 / Slc2a3 / Slc2a8,Glucose metabolism,Glucose transporters,MEBOCOST / PMID: 31993307,PMID: 31993307 / Recon2
2,HMDB0000169,D-Mannose,Slc2a1 / Slc2a2 / Slc2a3,Glucose metabolism,Glucose transporters,MEBOCOST / PMID: 31993307,PMID: 31993307 / Recon2
3,HMDB0001514,Glucosamine,Slc2a1 / Slc2a2 / Slc2a4,Glucose metabolism,Glucose transporters,MEBOCOST / PMID: 31993307,PMID: 31993307 / Recon2
4,HMDB0002183,Docosahexaenoic acid,Slc2a1 / Slc2a4,Glucose metabolism,Glucose transporters,PMID: 31993307,PMID: 31993307
5,HMDB0000641,L-Glutamine,Slc16a10 / Slc1a5 / Slc38a1 / Slc38a2 / Slc38a3 / Slc38a5 / Slc38a7 / Slc38a8 / Slc3a2 / Slc43a1 / Slc6a14 / Slc6a19 / Slc7a5 / Slc7a6 / Slc7a7 / Slc7a8,Amino acid metabolism / Glucose metabolism,Amino acid transporters / Amino acids and monoamines / Glutamine transporters / Lactate-pyruvate-citrate / Large neutral amino acids / Neutral amino acids,HMDB / MEBOCOST / PMID: 31993307 / PMID: 34511324,26724577 / 31535081; 30452920; 33953707; 34525179; 27154413; 25683269; 31881361; 28798141; 28507054; 25337245; 23213057; 32438035; 30025811; 33632871; 30935948; 33505538; 32422185; 30470977; 30671766; 25759021; 32747796; 31150647; 34054543; 31668020; 29208682; 32996252; 29542325; 30541099; 30071532; 34075790; 31866442; 26724577; 27055152; 33457003; 29337138; 32021249 / 32996252; 25759021; 26724577 / 33953707; 30671766 / 33953707; 30671766; 26724577; 33505538 / HMDB / PMID: 31993307 / PMID: 34511324 / Recon2
6,HMDB0000161,L-Alanine,Slc16a10 / Slc1a5 / Slc36a1 / Slc38a1 / Slc38a2 / Slc38a3 / Slc7a8,Amino acid metabolism / Glucose metabolism,Glutamine transporters / Lactate-pyruvate-citrate / Neutral amino acids / Peptides,HMDB / PMID: 31993307 / PMID: 34511324,HMDB / PMID: 31993307 / PMID: 34511324
7,HMDB0000168,L-Asparagine,Slc1a5 / Slc38a1 / Slc38a2 / Slc38a3 / Slc43a1,Amino acid metabolism,Glutamine transporters / Large neutral amino acids / Neutral amino acids,HMDB / MEBOCOST / PMID: 31993307 / PMID: 34511324,33420487 / HMDB / PMID: 31993307 / PMID: 34511324 / Recon2
8,HMDB0000574,L-Cysteine,Slc16a10 / Slc1a5 / Slc38a1 / Slc38a2 / Slc43a2 / Slc7a11 / Slc7a8,Amino acid metabolism / Glucose metabolism,Glutamine transporters / Lactate-pyruvate-citrate / Large neutral amino acids / Neutral amino acids,HMDB / MEBOCOST / PMID: 31993307,33000412 / HMDB / PMID: 31993307 / Recon2
9,HMDB0000177,L-Histidine,Slc15a4 / Slc16a10 / Slc38a1 / Slc38a2 / Slc38a3 / Slc38a4 / Slc7a5,Amino acid metabolism / Glucose metabolism,Amino acid transporters / Lactate-pyruvate-citrate / Neutral amino acids / Peptides,HMDB / MEBOCOST / PMID: 31993307,32377929 / HMDB / PMID: 31993307 / Recon2
10,HMDB0000187,L-Serine,Slc16a10 / Slc1a4 / Slc1a5 / Slc38a1 / Slc38a2 / Slc3a2 / Slc43a1 / Slc7a10,Amino acid metabolism / Glucose metabolism,Amino acid transporters / Glutamine transporters / Lactate-pyruvate-citrate / Large neutral amino acids / Neutral amino acids,HMDB / MEBOCOST / PMID: 31993307,33269112 / HMDB / PMID: 31993307 / Recon2
11,HMDB0000123,Glycine,Slc16a10 / Slc36a1 / Slc38a2,Amino acid metabolism / Glucose metabolism,Lactate-pyruvate-citrate / Neutral amino acids / Peptides,HMDB / MEBOCOST / PMID: 31993307,HMDB / PMID: 31993307
12,HMDB0000696,L-Methionine,Slc16a10 / Slc38a2 / Slc43a1 / Slc43a2 / Slc7a5,Amino acid metabolism / Glucose metabolism,Amino acid transporters / Lactate-pyruvate-citrate / Large neutral amino acids / Neutral amino acids,HMDB / MEBOCOST / PMID: 31993307 / PMID: 34511324,32377929 / HMDB / PMID: 31993307 / PMID: 34511324 / Recon2
13,HMDB0000162,L-Proline,Slc16a10 / Slc38a2,Amino acid metabolism / Glucose metabolism,Lactate-pyruvate-citrate / Neutral amino acids,HMDB / PMID: 31993307,HMDB / PMID: 31993307
14,HMDB0000167,L-Threonine,Slc16a10 / Slc1a5 / Slc43a1,Amino acid metabolism / Glucose metabolism,Glutamine transporters / Lactate-pyruvate-citrate / Large neutral amino acids,HMDB / MEBOCOST / PMID: 31993307,HMDB / PMID: 31993307 / Recon2
15,HMDB0000190,L-Lactate,Slc16a1 / Slc16a2 / Slc16a3 / Slc16a4 / Slc16a7 / Slc16a8 / Slc5a12,Glucose metabolism,Glucose transporters / Lactate-pyruvate-citrate,MEBOCOST / PMID: 28666119 / PMID: 31993307 / PMID: 34511324,32144120; 22428047 / PMID: 28666119 / PMID: 31993307 / PMID: 34511324
16,HMDB0000243,Pyruvate,Slc16a1 / Slc16a10 / Slc16a11 / Slc16a2 / Slc16a3 / Slc16a7 / Slc5a12 / Slco2a1,Glucose metabolism,Glucose transporters / Lactate-pyruvate-citrate,HMDB / MEBOCOST / PMID: 28666119 / PMID: 31993307,31882442 / HMDB / PMID: 28666119 / PMID: 31993307 / https://www.genecards.org/cgi-bin/carddisp.pl?gene=SLC16A11
17,Unknown,Ketone bodies,Slc16a1 / Slc16a3 / Slc16a7,Glucose metabolism,Lactate-pyruvate-citrate,PMID: 28666119 / PMID: 31993307,PMID: 28666119 / PMID: 31993307
18,HMDB0001488,Nicotinate,Slc16a1 / Slc22a5 / Slc5a12 / Slco2b1,Glucose metabolism / Vitamin ions,Glucose transporters / Lactate-pyruvate-citrate / Miscellany 1,HMDB / PMID: 31993307,HMDB / PMID: 31993307
19,Unknown,Propionate,Slc5a12,Glucose metabolism,Glucose transporters,PMID: 31993307,PMID: 31993307
20,HMDB0000039,Butyrate,Slc16a1 / Slc5a12,Glucose metabolism,Glucose transporters / Lactate-pyruvate-citrate,HMDB / PMID: 31993307,HMDB / PMID: 31993307
21,Unknown,beta-Dhydroxybutyrate,Slc5a12,Glucose metabolism,Glucose transporters,PMID: 31993307,PMID: 31993307
22,HMDB0000148,L-Glutamate,Slc16a1 / Slc16a10 / Slc1a2 / Slc1a3 / Slc1a5 / Slc3a2 / Slc7a11,Amino acid metabolism / Glucose metabolism,Glutamine transporters / Lactate-pyruvate-citrate / Neutral amino acids,HMDB / MEBOCOST / PMID: 31993307 / PMID: 34511324,29208682 / HMDB / PMID: 31993307 / PMID: 34511324
23,HMDB0000191,L-Aspartate,Slc16a10 / Slc1a2 / Slc1a3,Amino acid metabolism / Glucose metabolism,Glutamine transporters / Lactate-pyruvate-citrate,HMDB / MEBOCOST / PMID: 31993307,31269432 / HMDB / PMID: 31993307
24,HMDB0006483,D-Aspartate,Slc1a2 / Slc1a3,Amino acid metabolism,Glutamine transporters,PMID: 31993307,PMID: 31993307
25,HMDB0000192,L-Cystine,Slc16a10 / Slc3a2 / Slc7a11,Amino acid metabolism / Glucose metabolism,Glutamine transporters / Lactate-pyruvate-citrate / Neutral amino acids,HMDB / PMID: 31993307 / PMID: 34511324,HMDB / PMID: 31993307 / PMID: 34511324
26,HMDB0015532,Zinc,Slc30a1 / Slc30a4 / Slc30a6 / Slc30a8 / Slc39a10 / Slc39a6 / Slc41a1,Vitamin ions,Zn,PMID: 31993307 / PMID: 34511324,PMID: 31993307 / PMID: 34511324
27,HMDB0000547,Magnesium,Slc41a1 / Slc41a2,Unknown,Unknown,PMID: 31993307,PMID: 31993307
28,HMDB0000692,Fe2+,Cubn / Slc11a1 / Slc41a1 / Slc41a2 / Slc46a1,Vitamin ions,Na/Ca/H+,HMDB / PMID: 31993307,HMDB / PMID: 31993307
29,HMDB0000657,Copper,Atp7a / Atp7b / Slc31a1 / Slc31a2 / Slc41a1,Vitamin ions,Copper,HMDB / PMID: 31993307,HMDB / PMID: 31993307
30,HMDB0000608,Cobalt,Cubn / Slc41a1 / Slc41a2 / Tcn2,Unknown,Unknown,HMDB / PMID: 31993307,HMDB / PMID: 31993307
31,HMDB0003638,Cadmium,Slc41a1,Unknown,Unknown,PMID: 31993307,PMID: 31993307
32,HMDB0004142,Barium,Slc41a2,Unknown,Unknown,PMID: 31993307,PMID: 31993307
33,HMDB0002457,Nickel,Slc41a2,Unknown,Unknown,PMID: 31993307,PMID: 31993307
34,HMDB0001333,Manganese,Slc11a1 / Slc41a2,Unknown,Unknown,PMID: 31993307,PMID: 31993307
35,HMDB0000201,Acetyl-L-Carnitine,Slc22a5,Vitamin ions,Miscellany 1,PMID: 31993307,PMID: 31993307
36,HMDB0000062,L-Carnitine,Slc16a9 / Slc22a16 / Slc22a21 / Slc22a4 / Slc22a5 / Slco1b2,Glucose metabolism / Vitamin ions,Lactate-pyruvate-citrate / Miscellany 1,HMDB / MEBOCOST / PMID: 28666119 / PMID: 31993307,HMDB / PMID: 28666119 / PMID: 31993307 / Recon2
37,HMDB0000588,Sodium,Slc10a1 / Slc10a2 / Slc12a1 / Slc12a2 / Slc16a10 / Slc1a5 / Slc22a16 / Slc22a4 / Slc22a5 / Slc22a6 / Slc22a7 / Slc28a3 / Slc29a1 / Slc38a3 / Slc4a10 / Slc4a4 / Slc4a5 / Slc4a7 / Slc4a8 / Slc5a1 / Slc5a3 / Slc5a5 / Slc5a7 / Slc6a2 / Slc6a4 / Slc7a8,Amino acid metabolism / Glucose metabolism / Vitamin ions,Amino acids and monoamines / Glucose transporters / Glutamine transporters / HCO3 / Lactate-pyruvate-citrate / Miscellany 1 / Na/Ca/H+ / Neutral amino acids / Nucleoside,HMDB / MEBOCOST / PMID: 31993307,HMDB / PMID: 31993307 / Recon2
38,HMDB0000595,Hydrogen carbonate,Slc4a10 / Slc4a4 / Slc4a5 / Slc4a7,Vitamin ions,HCO3,HMDB / PMID: 31993307,HMDB / PMID: 31993307
39,Unknown,Eicosanoid,Slco2a1,Unknown,Unknown,PMID: 31993307,PMID: 31993307
40,HMDB0001139 / HMDB0001220,Prostaglandins,Slc22a1 / Slc22a2 / Slc22a7 / Slco1b2 / Slco2a1,Vitamin ions,Miscellany 1,HMDB / MEBOCOST / PMID: 31993307,HMDB / PMID: 31993307 / Recon2
41,HMDB0001149,5-Aminolevulinic acid,Slc15a2 / Tspo2,Amino acid metabolism,Peptides,MEBOCOST / PMID: 31993307,31989647 / PMID: 31993307
42,Unknown,Dipeptides,Slc15a2,Amino acid metabolism,Peptides,PMID: 31993307,PMID: 31993307
43,Unknown,Protons,Slc15a2,Amino acid metabolism,Peptides,PMID: 31993307,PMID: 31993307
44,Unknown,Tripeptides,Slc15a2,Amino acid metabolism,Peptides,PMID: 31993307,PMID: 31993307
45,HMDB0000033,Carnosine,Slc15a2 / Slc15a4,Amino acid metabolism,Peptides,HMDB / PMID: 31993307,HMDB / PMID: 31993307
46,HMDB0000042,Acetate,Slc16a1 / Slc16a4 / Slco2b1,Glucose metabolism,Lactate-pyruvate-citrate,HMDB / PMID: 34511324,HMDB / PMID: 34511324
47,HMDB0000687,L-Leucine,Slc1a5 / Slc3a2 / Slc43a1 / Slc43a2 / Slc7a5 / Slc7a8,Amino acid metabolism,Amino acid transporters / Glutamine transporters / Large neutral amino acids / Neutral amino acids,HMDB / MEBOCOST / PMID: 34511324,31997805; Recon2 / 33953707 / 33953707; 30071532; 30470977 / HMDB / PMID: 34511324 / Recon2
48,HMDB0000517,L-Arginine,Slc38a4 / Slc7a1 / Slc7a2 / Slc7a3,Amino acid metabolism,Amino acid transporters / Neutral amino acids,MEBOCOST / PMID: 34511324,33209975; 17325243; 33639836; 23831616; 22144986; 19067360; Recon2 / PMID: 34511324 / Recon2
49,Unknown,Fatty acid,Cd36 / Cpt1a / Fabp4 / Fabp5 / Msr1 / Slc27a1,Lipid metabolism,Fatty acids,PMID: 34511324,PMID: 34511324
50,HMDB0000684,Kynurenine,Slc36a4 / Slc7a8,Amino acid metabolism,Glutamine transporters / Peptides,PMID: 34511324,PMID: 34511324
51,HMDB0000064,Creatine,Slc16a12 / Slc22a5 / Slc6a8,Amino acid metabolism / Glucose metabolism / Vitamin ions,Amino acids and monoamines / Lactate-pyruvate-citrate / Miscellany 1,HMDB / MEBOCOST / PMID: 34511324,23578822 / HMDB / PMID: 34511324
52,HMDB0000112,GABA,Slc6a1 / Slc6a11 / Slc6a12 / Slc6a13 / Slc6a6 / Slc6a8,Amino acid metabolism,Amino acids and monoamines,MEBOCOST / PMID: 34511324,PMID: 34511324 / https://en.wikipedia.org/wiki/GABA_transporter
53,HMDB0015531,Iron,Slc11a2 / Slc3a2 / Slc40a1,Amino acid metabolism,Neutral amino acids,MEBOCOST / PMID: 34511324,23506870 / 25209728; 30852438; 27667161; 24644245; 21875943; 20675164; 23506870; 21199650; 33787609; 17181986; 14757427; 15338274; 27773819; 23922661; 29212168; 24121729; 28219768; 28978826; 21175851 / PMID: 34511324
54,HMDB0000097,Choline,Slc22a1 / Slc22a2 / Slc22a21 / Slc22a5 / Slc44a1 / Slc44a2 / Slc44a3 / Slc44a4 / Slc5a7,Glucose metabolism / Lipid metabolism / Vitamin ions,Choline transporters / Glucose transporters / Miscellany 1,HMDB / MEBOCOST / PMID: 34511324,HMDB / PMID: 34511324 / Recon2
55,Unknown,cGAMP,Slc46a2,Vitamin ions,Na/Ca/H+,PMID: 34511324,PMID: 34511324
56,Unknown,Triiodothyronine,Slc16a2,Glucose metabolism,Lactate-pyruvate-citrate,PMID: 28666119,PMID: 28666119
57,HMDB0000248,Thyroxine,Slc16a2 / Slco1b2 / Slco1c1,Glucose metabolism,Lactate-pyruvate-citrate,HMDB / MEBOCOST / PMID: 28666119,HMDB / PMID: 28666119 / Recon2
58,HMDB0000159,L-Phenylalanine,Slc16a10 / Slc43a1 / Slc43a2 / Slc7a5 / Slc7a8,Amino acid metabolism / Glucose metabolism,Amino acid transporters / Glutamine transporters / Lactate-pyruvate-citrate / Large neutral amino acids,HMDB / MEBOCOST / PMID: 28666119,32377929 / HMDB / PMID: 28666119 / Recon2
59,HMDB0000158,L-Tyrosine,Slc16a10 / Slc16a2 / Slc7a5,Amino acid metabolism / Glucose metabolism,Amino acid transporters / Lactate-pyruvate-citrate,HMDB / MEBOCOST / PMID: 28666119,32377929 / HMDB / PMID: 28666119 / Recon2
60,HMDB0000929,L-Tryptophan,Slc16a10 / Slc16a2 / Slc36a4,Amino acid metabolism / Glucose metabolism,Lactate-pyruvate-citrate / Peptides,HMDB / MEBOCOST / PMID: 28666119,HMDB / PMID: 28666119 / Recon2
61,Unknown,beta-D-hydroxybutyrate,Slc16a6,Glucose metabolism,Lactate-pyruvate-citrate,PMID: 28666119,PMID: 28666119
62,HMDB0006247,25-Hydroxycholesterol,Abca1,Unknown,Unknown,MEBOCOST,16611739
63,HMDB0000030,Biotin,Slc5a6,Glucose metabolism,Glucose transporters,MEBOCOST,27084392
64,HMDB0000067,Cholesterol,Abcb1a / Abcg3 / Cd36,Unknown,Unknown,HMDB / MEBOCOST,21763723; 32531545; 16133421; 10383407; 23247049; 15949682; 12145296; 28928671; 29883404; 34584385; 19718657; 29593722; 25174330; 27890613; 32684173; 18311054; 24371122; 21262584; 16959872; 20338238; 25250848; 23099443; 15168018; 16299001; 26828064; 19147991; 10946357; 23880196; 19016618; 23422832; 21474828; 28122883; 30702457; 21272192; 15136056; 18331615; 17464999; 32058595; 18276752; 31988148; 34603769; 17291449; 20170635; 16503643; 10713080; 10625497; 21674150; 26153221; 12488595; 24733016; 29533793; 12547883; 26582580; 31967154; 28634191; 20112301; 19937569; 21181286; 20360851; 33457418; 21217164; 16123174; 24515116; 18402819; 19028791; 27323079; 18305138; 33211179; 21034810; 11718687; 24162852; 18772361; 32308181; 25703059; 22858201; 28555086; 26759003; 28965954; 16517147; 32982800; 15345670; 19436068; 26832365; 21190831; 25855981; 32952497; 19074161 / HMDB
65,HMDB0000073,Dopamine,Slc22a1 / Slc22a2 / Slc22a21 / Slc22a3 / Slc22a5 / Slc6a3,Amino acid metabolism / Vitamin ions,Amino acids and monoamines / Miscellany 1,HMDB / MEBOCOST,30967134; 12707943; 27217152; 28924877; 17466074 / HMDB / Recon2
66,HMDB0001311,D-Lactate,Slc16a1 / Slc16a3 / Slc16a7,Glucose metabolism,Lactate-pyruvate-citrate,HMDB / MEBOCOST,32144120; 22428047 / HMDB
67,HMDB0001429,Phosphate,Atp7a / Atp7b / Slc20a2,Unknown,Unknown,HMDB / MEBOCOST,30721528 / HMDB
68,HMDB0000259,Serotonin,Slc22a1 / Slc22a2 / Slc6a4,Amino acid metabolism / Vitamin ions,Amino acids and monoamines / Miscellany 1,HMDB / MEBOCOST,33868590; 31342534; 16251523; 25012842 / HMDB / Recon2
69,HMDB0000235,Thiamine,Slc19a1 / Slc19a2 / Slc19a3,Vitamin ions,Thiamine,MEBOCOST,28284395 / 28284395; 32498429
70,HMDB0000108,Ethanol,Chrna5 / Slc29a1,Vitamin ions,Nucleoside,HMDB / MEBOCOST,29944862 / HMDB
71,HMDB0000121,Folic acid,Abcc3 / Abcc4 / Abcg3 / Folr1 / Folr2 / Slc19a1 / Slc22a6 / Slc25a32 / Slc46a1,Mitochondrial metabolism / Vitamin ions,Miscellany 1 / Mitochondrial transporters / Na/Ca/H+ / Thiamine,HMDB / MEBOCOST,28284395 / 32581311; Recon2 / HMDB
72,HMDB0003178,Heme,Lrp1 / Slc46a1 / Trpv6,Vitamin ions,Na/Ca/H+,HMDB / MEBOCOST,27142151 / HMDB / Recon2
73,HMDB0001358,Retinal,Stra6,Unknown,Unknown,MEBOCOST,27830500
74,HMDB0000244,Riboflavin,Slc22a6 / Slc52a2,Vitamin ions,Miscellany 1 / Na/Ca/H+,HMDB / MEBOCOST,30446350; 29122468 / 31500345; 22864630 / HMDB
75,HMDB0000305,Vitamin A,Rbp1 / Rbp2 / Rbp4 / Stra6,Unknown,Unknown,MEBOCOST,21782034; 19112531; 25481334; 22665496; 27830501; 32597569; 21704730; 23591992; 26729422; 31956331; 26373900; Recon2 / Recon2
76,HMDB0001256,Spermine,Slc22a1 / Slc22a4,Vitamin ions,Miscellany 1,HMDB / MEBOCOST,HMDB / HMDB; Recon2
77,HMDB0001414,Putrescine,Slc22a4,Vitamin ions,Miscellany 1,HMDB / MEBOCOST,HMDB
78,HMDB0000254,Succinic acid,Slc13a5,Glucose metabolism,Lactate-pyruvate-citrate,MEBOCOST,31882442
79,HMDB0000094,Citric acid,Slc13a5 / Slco2b1,Glucose metabolism,Lactate-pyruvate-citrate,HMDB / MEBOCOST,33597751 / HMDB
80,HMDB0000134,Fumaric acid,Slc13a5,Glucose metabolism,Lactate-pyruvate-citrate,MEBOCOST,31882442
81,HMDB0000156,Malic acid,Slc13a5 / Slc1a3,Amino acid metabolism / Glucose metabolism,Glutamine transporters / Lactate-pyruvate-citrate,MEBOCOST,31882442 / https://en.wikipedia.org/wiki/Excitatory_amino_acid_transporter_1
82,HMDB0000883,L-Valine,Slc16a10 / Slc43a1 / Slc43a2,Amino acid metabolism / Glucose metabolism,Lactate-pyruvate-citrate / Large neutral amino acids,HMDB / MEBOCOST,31997805; Recon2 / HMDB / Recon2
83,HMDB0000172,L-Isoleucine,Slc16a10 / Slc43a1 / Slc43a2,Amino acid metabolism / Glucose metabolism,Lactate-pyruvate-citrate / Large neutral amino acids,HMDB / MEBOCOST,31997805; Recon2 / HMDB / Recon2
84,HMDB0000034,Adenine,Slc28a3 / Slc29a2 / Slc29a3 / Slc35f5,Vitamin ions,Miscellany 2 / Nucleoside,MEBOCOST,33972798 / Recon2
85,HMDB0000182,L-Lysine,Slc38a4 / Slc7a1 / Slc7a2 / Slc7a3,Amino acid metabolism,Amino acid transporters / Neutral amino acids,MEBOCOST,Recon2
86,HMDB0000214,Ornithine,Slc7a1 / Slc7a2 / Slc7a3,Amino acid metabolism,Amino acid transporters,MEBOCOST,Recon2
87,HMDB0001043,Arachidonic acid,Slc27a1 / Slc27a5 / Slco2a1,Lipid metabolism,Fatty acids,HMDB / MEBOCOST,HMDB / Recon2
88,HMDB0001264,Dehydroascorbic acid,Slc2a1 / Slc2a3 / Slc2a4,Glucose metabolism,Glucose transporters,MEBOCOST,Recon2
89,HMDB0000050,Adenosine,Slc29a1 / Slc29a2,Vitamin ions,Nucleoside,MEBOCOST,Recon2
90,HMDB0000216,Norepinephrine,Slc22a1 / Slc22a2 / Slc22a3 / Slc22a5 / Slc6a2,Amino acid metabolism / Vitamin ions,Amino acids and monoamines / Miscellany 1,HMDB / MEBOCOST,HMDB / Recon2
91,HMDB0000660,D-Fructose,Slc2a2 / Slc2a5 / Slc2a7 / Slc2a8,Glucose metabolism,Glucose transporters,MEBOCOST,Recon2
92,HMDB0000296,Uridine,Slc29a1 / Slc29a2,Vitamin ions,Nucleoside,MEBOCOST,Recon2
93,HMDB0000220,Palmitic acid,Slc27a1 / Slc27a5,Lipid metabolism,Fatty acids,HMDB / MEBOCOST,HMDB / Recon2
94,HMDB0000195,Inosine,Slc29a1 / Slc29a2,Vitamin ions,Nucleoside,MEBOCOST,Recon2
95,HMDB0000089,Cytidine,Slc29a1 / Slc29a2,Vitamin ions,Nucleoside,MEBOCOST,Recon2
96,HMDB0000207,Oleic acid,Slc27a5,Lipid metabolism,Fatty acids,MEBOCOST,Recon2
97,HMDB0000870,Histamine,Slc22a2 / Slc22a21 / Slc22a3 / Slc22a5,Vitamin ions,Miscellany 1,MEBOCOST,Recon2
98,HMDB0000265,Liothyronine,Slc16a2,Glucose metabolism,Lactate-pyruvate-citrate,MEBOCOST,Recon2
99,HMDB0003550,Calcidiol,Cubn / Gc / Lrp2,Unknown,Unknown,MEBOCOST,Recon2
100,HMDB0000181,L-Dopa,Slc15a1 / Slc16a10,Amino acid metabolism / Glucose metabolism,Lactate-pyruvate-citrate / Peptides,HMDB / MEBOCOST,HMDB / Recon2
101,HMDB0001396,5-Methyltetrahydrofolic acid,Folr1,Unknown,Unknown,MEBOCOST,Recon2
102,HMDB0000895,Acetylcholine,Slc22a1,Vitamin ions,Miscellany 1,MEBOCOST,Recon2
103,HMDB0000012,Deoxyuridine,Slc29a2,Vitamin ions,Nucleoside,MEBOCOST,Recon2
104,HMDB0000133,Guanosine,Slc29a1 / Slc29a2,Vitamin ions,Nucleoside,MEBOCOST,Recon2
105,HMDB0000157,Hypoxanthine,Slc29a2,Vitamin ions,Nucleoside,MEBOCOST,Recon2
106,HMDB0000273,Thymidine,Slc22a1 / Slc28a3 / Slc29a1 / Slc29a2,Vitamin ions,Miscellany 1 / Nucleoside,HMDB / MEBOCOST,HMDB / Recon2
107,HMDB0000673,Linoleic acid,Slc27a5,Lipid metabolism,Fatty acids,MEBOCOST,Recon2
108,HMDB0000300,Uracil,Slc29a2,Vitamin ions,Nucleoside,MEBOCOST,Recon2
109,HMDB0000101,Deoxyadenosine,Slc29a2,Vitamin ions,Nucleoside,MEBOCOST,Recon2
110,HMDB0000085,Deoxyguanosine,Slc29a2,Vitamin ions,Nucleoside,MEBOCOST,Recon2
111,HMDB0000163,D-Maltose,Slc2a3,Unknown,Unknown,MEBOCOST,Recon2
112,HMDB0000876,Vitamin D3,Cd36 / Got2,Amino acid metabolism,Glutaminolysis,MEBOCOST,Recon2
113,HMDB0000294,Urea,Slc14a1 / Slc14a2 / Slc5a1 / Slc5a5,Glucose metabolism,Glucose transporters,HMDB / MEBOCOST,HMDB / Recon2
114,HMDB0000071,Deoxyinosine,Slc29a2,Vitamin ions,Nucleoside,MEBOCOST,Recon2
115,HMDB0000014,Deoxycytidine,Slc29a2,Vitamin ions,Nucleoside,MEBOCOST,Recon2
116,HMDB0002925,Dihomo-gamma-linolenic acid,Slc27a5,Lipid metabolism,Fatty acids,MEBOCOST,Recon2
117,HMDB0000262,Thymine,Slc29a2,Vitamin ions,Nucleoside,MEBOCOST,Recon2
118,HMDB0000806,Myristic acid,Slc27a1 / Slc27a2,Lipid metabolism,Fatty acids,HMDB / MEBOCOST,HMDB / Recon2
119,HMDB0000827,Stearic acid,Slc27a1 / Slc27a5,Lipid metabolism,Fatty acids,HMDB / MEBOCOST,HMDB / Recon2
120,HMDB0003073,gamma-Linolenic acid,Slc27a5,Lipid metabolism,Fatty acids,MEBOCOST,Recon2
121,HMDB0001388,alpha-Linolenic acid,Slc27a5,Lipid metabolism,Fatty acids,MEBOCOST,Recon2
122,HMDB0000132,Guanine,Slc29a2,Vitamin ions,Nucleoside,MEBOCOST,Recon2
123,HMDB0001178,Adenosine diphosphate ribose,Cd38,Unknown,Unknown,MEBOCOST,Recon2
124,HMDB0000043,Betaine,Slc6a12,Amino acid metabolism,Amino acids and monoamines,MEBOCOST,32213983
125,HMDB0000586,Potassium,Abcc8,Unknown,Unknown,MEBOCOST,https://en.wikipedia.org/wiki/ABCC8; 23226049; 24399968; 22050960; 24700710
126,HMDB0000719,L-Homoserine,Slc43a1,Amino acid metabolism,Large neutral amino acids,MEBOCOST,Recon2
127,HMDB0000492,Chloride ion,Slc12a1 / Slc12a2 / Slc12a4 / Slc12a5 / Slc12a6 / Slc12a7 / Slc17a1 / Slc4a10 / Slc5a7,Glucose metabolism / Vitamin ions,Glucose transporters / HCO3,HMDB / MEBOCOST,HMDB / Recon2
128,HMDB0003229,Palmitoleic acid,Slc27a2,Lipid metabolism,Fatty acids,MEBOCOST,Recon2
129,HMDB0012238,Iodide,Slc5a8,Glucose metabolism,Glucose transporters,MEBOCOST,Recon2
130,HMDB0002003,Tetracosanoic acid,Slc27a2,Lipid metabolism,Fatty acids,MEBOCOST,Recon2
131,HMDB0001893,alpha-Tocopherol,Npc1l1 / Scarb1,Unknown,Unknown,MEBOCOST,Recon2
132,HMDB0000573,Elaidic acid,Slc27a2,Lipid metabolism,Fatty acids,MEBOCOST,Recon2
133,HMDB0002086,Adenosylcobalamin,Amn / Cubn,Unknown,Unknown,MEBOCOST,Recon2
134,HMDB0000630,Cytosine,Slc29a2,Vitamin ions,Nucleoside,MEBOCOST,Recon2
135,HMDB0006543,Debrisoquine,Slc22a2,Vitamin ions,Miscellany 1,MEBOCOST,Recon2
136,HMDB0011733,Glycyl-glycine,Slc15a1,Amino acid metabolism,Peptides,MEBOCOST,Recon2
137,HMDB0000019,alpha-Ketoisovaleric acid,Slc16a1 / Slc16a3 / Slc16a7,Glucose metabolism,Lactate-pyruvate-citrate,HMDB,HMDB
138,HMDB0000036,Taurocholic acid,Abcb11 / Abcb1a / Abcc1 / Abcc2 / Abcc3 / Abcc4 / Abcg3 / Gm6614 / Slc10a1 / Slc10a2 / Slc16a1 / Slc22a1 / Slc22a6 / Slco1b2 / Slco1c1 / Slco2b1 / Slco3a1 / Slco4a1,Glucose metabolism / Vitamin ions,Lactate-pyruvate-citrate / Miscellany 1 / Na/Ca/H+,HMDB,HMDB
139,HMDB0000054,Bilirubin,Abcc2 / Slco1b2,Unknown,Unknown,HMDB,HMDB
140,HMDB0000056,beta-Alanine,Slc16a10,Glucose metabolism,Lactate-pyruvate-citrate,HMDB,HMDB
141,HMDB0000058,Cyclic AMP,Abcc4 / Abcc5 / Slc22a6 / Slc22a7 / Slc4a7 / Slco4c1,Vitamin ions,HCO3 / Miscellany 1,HMDB,HMDB
142,HMDB0000063,Cortisol,Abcb1a / Abcg3 / Gm6614,Unknown,Unknown,HMDB,HMDB
143,HMDB0000077,Dehydroepiandrosterone,Slc22a7 / Slco1b2,Vitamin ions,Miscellany 1,HMDB,HMDB
144,HMDB0000119,Glyoxylic acid,Slc16a3,Glucose metabolism,Lactate-pyruvate-citrate,HMDB,HMDB
145,HMDB0000125,Glutathione,Abcc1 / Abcc2 / Abcc3 / Abcc4 / Abcc5,Unknown,Unknown,HMDB,HMDB
146,HMDB0000131,Glycerol,Abcb1a,Unknown,Unknown,HMDB,HMDB
147,HMDB0000145,Estrone,Slc22a7 / Slco1b2,Vitamin ions,Miscellany 1,HMDB,HMDB
148,HMDB0000151,Estradiol,Abcb1a / Abcg3 / Gm6614 / Slc22a1 / Slc22a2 / Slc22a3 / Slco1b2 / Slco2b1,Vitamin ions,Miscellany 1,HMDB,HMDB
149,HMDB0000153,Estriol,Abcb1a / Gm6614,Unknown,Unknown,HMDB,HMDB
150,HMDB0000234,Testosterone,Abcb1a / Abcg3 / Gm6614 / Slc10a1 / Slc22a1 / Slc22a3 / Slc22a4 / Slc22a7,Vitamin ions,Miscellany 1 / Na/Ca/H+,HMDB,HMDB
151,HMDB0000263,Phosphoenolpyruvic acid,Slco2a1,Unknown,Unknown,HMDB,HMDB
152,HMDB0000307,1beta-Hydroxycholic acid,Abcb11 / Abcc3 / Gm6614 / Slc10a1 / Slc10a2 / Slco1b2 / Slco4a1,Vitamin ions,Na/Ca/H+,HMDB,HMDB
153,HMDB0000308,3b-Hydroxy-5-cholenoic acid,Abcb11 / Abcc3 / Gm6614 / Slc10a1 / Slc10a2 / Slco1b2 / Slco4a1,Vitamin ions,Na/Ca/H+,HMDB,HMDB
154,HMDB0000311,"3b,4b,7a,12a-Tetrahydroxy-5b-cholanoic acid",Abcb11 / Abcc3 / Gm6614 / Slc10a1 / Slc10a2 / Slco1b2 / Slco4a1,Vitamin ions,Na/Ca/H+,HMDB,HMDB
155,HMDB0000312,"3alpha,7alpha,12beta-Trihydroxy-5beta-cholanoic acid",Abcb11 / Abcc3 / Gm6614 / Slc10a1 / Slc10a2 / Slco1b2 / Slco4a1,Vitamin ions,Na/Ca/H+,HMDB,HMDB
156,HMDB0000316,"2b,3a,7a,12a-Tetrahydroxy-5b-cholanoic acid",Abcb11 / Abcc3 / Gm6614 / Slc10a1 / Slc10a2 / Slco1b2 / Slco4a1,Vitamin ions,Na/Ca/H+,HMDB,HMDB
157,HMDB0000320,"3a,4b,7a-Trihydroxy-5b-cholanoic acid",Abcb11 / Abcc3 / Gm6614 / Slc10a1 / Slc10a2 / Slco1b2 / Slco4a1,Vitamin ions,Na/Ca/H+,HMDB,HMDB
158,HMDB0000326,"1b,3a,12a-Trihydroxy-5b-cholanoic acid",Abcb11 / Abcc3 / Gm6614 / Slc10a1 / Slc10a2 / Slco1b2 / Slco4a1,Vitamin ions,Na/Ca/H+,HMDB,HMDB
159,HMDB0000328,12-Ketodeoxycholic acid,Abcb11 / Abcc3 / Gm6614 / Slc10a1 / Slc10a2 / Slco1b2 / Slco4a1,Vitamin ions,Na/Ca/H+,HMDB,HMDB
160,HMDB0000330,"3a,4b,12a-Trihydroxy-5b-cholanoic acid",Abcb11 / Abcc3 / Gm6614 / Slc10a1 / Slc10a2 / Slco1b2 / Slco4a1,Vitamin ions,Na/Ca/H+,HMDB,HMDB
161,HMDB0000340,"3a,7a,12a,19-Tetrahydroxy-5b-cholanoic acid",Abcb11 / Abcc3 / Gm6614 / Slc10a1 / Slc10a2 / Slco1b2 / Slco4a1,Vitamin ions,Na/Ca/H+,HMDB,HMDB
162,HMDB0000348,"3b,12a-Dihydroxy-5a-cholanoic acid",Abcb11 / Abcc3 / Gm6614 / Slc10a1 / Slc10a2 / Slco1b2 / Slco4a1,Vitamin ions,Na/Ca/H+,HMDB,HMDB
163,HMDB0000359,"3alpha,7alpha-Dihydroxycoprostanic acid",Abcb11 / Abcc3 / Gm6614 / Slc10a1 / Slc10a2 / Slco1b2 / Slco4a1,Vitamin ions,Na/Ca/H+,HMDB,HMDB
164,HMDB0000361,"3b,7a-Dihydroxy-5b-cholanoic acid",Abcb11 / Abcc3 / Gm6614 / Slc10a1 / Slc10a2 / Slco1b2 / Slco4a1,Vitamin ions,Na/Ca/H+,HMDB,HMDB
165,HMDB0000364,"3a,6a,7b-Trihydroxy-5b-cholanoic acid",Abcb11 / Abcc3 / Gm6614 / Slc10a1 / Slc10a2 / Slco1b2 / Slco4a1,Vitamin ions,Na/Ca/H+,HMDB,HMDB
166,HMDB0000367,"3a,6b,7b,12a-Tetrahydroxy-5b-cholanoic acid",Abcb11 / Abcc3 / Gm6614 / Slc10a1 / Slc10a2 / Slco1b2 / Slco4a1,Vitamin ions,Na/Ca/H+,HMDB,HMDB
167,HMDB0000371,"1,3,12-Trihydroxycholan-24-oic acid",Abcb11 / Abcc3 / Gm6614 / Slc10a1 / Slc10a2 / Slco1b2 / Slco4a1,Vitamin ions,Na/Ca/H+,HMDB,HMDB
168,HMDB0000376,"3b,7a,12a-Trihydroxy-5a-Cholanoic acid",Abcb11 / Abcc3 / Gm6614 / Slc10a1 / Slc10a2 / Slco1b2 / Slco4a1,Vitamin ions,Na/Ca/H+,HMDB,HMDB
169,HMDB0000377,"3a,6b,7b,12b-Tetrahydroxy-5b-cholanoic acid",Abcb11 / Abcc3 / Gm6614 / Slc10a1 / Slc10a2 / Slco1b2 / Slco4a1,Vitamin ions,Na/Ca/H+,HMDB,HMDB
170,HMDB0000381,Allolithocholic acid,Abcb11 / Abcc3 / Gm6614 / Slc10a1 / Slc10a2 / Slco1b2 / Slco4a1,Vitamin ions,Na/Ca/H+,HMDB,HMDB
171,HMDB0000384,"3a,7a-Dihydroxycholanoic acid",Abcb11 / Abcc3 / Gm6614 / Slc10a1 / Slc10a2 / Slco1b2 / Slco4a1,Vitamin ions,Na/Ca/H+,HMDB,HMDB
172,HMDB0000385,12a-Hydroxy-3-oxocholadienic acid,Abcb11 / Abcc3 / Gm6614 / Slc10a1 / Slc10a2 / Slco1b2 / Slco4a1,Vitamin ions,Na/Ca/H+,HMDB,HMDB
173,HMDB0000390,"3a,7b,12b-Trihydroxy-5b-cholanoic acid",Abcb11 / Abcc3 / Gm6614 / Slc10a1 / Slc10a2 / Slco1b2 / Slco4a1,Vitamin ions,Na/Ca/H+,HMDB,HMDB
174,HMDB0000391,7-Ketodeoxycholic acid,Abcb11 / Abcc3 / Gm6614 / Slc10a1 / Slc10a2 / Slco1b2 / Slco4a1,Vitamin ions,Na/Ca/H+,HMDB,HMDB
175,HMDB0000395,"3b,7b,12a-Trihydroxy-5b-cholanoic acid",Abcb11 / Abcc3 / Gm6614 / Slc10a1 / Slc10a2 / Slco1b2 / Slco4a1,Vitamin ions,Na/Ca/H+,HMDB,HMDB
176,HMDB0000399,"3a,6b,7a,12a-Tetrahydroxy-5b-cholanoic acid",Abcb11 / Abcc3 / Gm6614 / Slc10a1 / Slc10a2 / Slco1b2 / Slco4a1,Vitamin ions,Na/Ca/H+,HMDB,HMDB
177,HMDB0000400,"3,7-Dihydroxy-12-oxocholanoic acid",Abcb11 / Abcc3 / Gm6614 / Slc10a1 / Slc10a2 / Slco1b2 / Slco4a1,Vitamin ions,Na/Ca/H+,HMDB,HMDB
178,HMDB0000404,"2b,3a,7a-Trihydroxy-5b-cholanoic acid",Abcb11 / Abcc3 / Gm6614 / Slc10a1 / Slc10a2 / Slco1b2 / Slco4a1,Vitamin ions,Na/Ca/H+,HMDB,HMDB
179,HMDB0000411,"3a,12b-Dihydroxy-5b-cholanoic acid",Abcb11 / Abcc3 / Gm6614 / Slc10a1 / Slc10a2 / Slco1b2 / Slco4a1,Vitamin ions,Na/Ca/H+,HMDB,HMDB
180,HMDB0000414,"1b,3a,7a-Trihydroxy-5b-cholanoic acid",Abcb11 / Abcc3 / Gm6614 / Slc10a1 / Slc10a2 / Slco1b2 / Slco4a1,Vitamin ions,Na/Ca/H+,HMDB,HMDB
181,HMDB0000415,"3a,6b,7b-Trihydroxy-5b-cholanoic acid",Abcb11 / Abcc3 / Gm6614 / Slc10a1 / Slc10a2 / Slco1b2 / Slco4a1,Vitamin ions,Na/Ca/H+,HMDB,HMDB
182,HMDB0000419,"3b,7a,12a-Trihydroxy-5b-cholanoic acid",Abcb11 / Abcc3 / Gm6614 / Slc10a1 / Slc10a2 / Slco1b2 / Slco4a1,Vitamin ions,Na/Ca/H+,HMDB,HMDB
183,HMDB0000427,"3b,7b,12a-Trihydroxy-5a-Cholanoic acid",Abcb11 / Abcc3 / Gm6614 / Slc10a1 / Slc10a2 / Slco1b2 / Slco4a1,Vitamin ions,Na/Ca/H+,HMDB,HMDB
184,HMDB0000432,"3a,7b,12a-Trihydroxy-5a-Cholanoic acid",Abcb11 / Abcc3 / Gm6614 / Slc10a1 / Slc10a2 / Slco1b2 / Slco4a1,Vitamin ions,Na/Ca/H+,HMDB,HMDB
185,HMDB0000433,"1,3,7,12-Tetrahydroxycholan-24-oic acid",Abcb11 / Abcc3 / Gm6614 / Slc10a1 / Slc10a2 / Slco1b2 / Slco4a1,Vitamin ions,Na/Ca/H+,HMDB,HMDB
186,HMDB0000437,"3a,4b,7a,12a-Tetrahydroxy-5b-cholanoic acid",Abcb11 / Abcc3 / Gm6614 / Slc10a1 / Slc10a2 / Slco1b2 / Slco4a1,Vitamin ions,Na/Ca/H+,HMDB,HMDB
187,HMDB0000438,"3b,12a-Dihydroxy-5b-cholanoic acid",Abcb11 / Abcc3 / Gm6614 / Slc10a1 / Slc10a2 / Slco1b2 / Slco4a1,Vitamin ions,Na/Ca/H+,HMDB,HMDB
188,HMDB0000447,"7a,12a-Dihydroxy-3-oxo-4-cholenoic acid",Abcb11 / Abcc3 / Gm6614 / Slc10a1 / Slc10a2 / Slco1b2 / Slco4a1,Vitamin ions,Na/Ca/H+,HMDB,HMDB
189,HMDB0000460,7-Hydroxy-3-oxocholanoic acid,Abcb11 / Abcc3 / Gm6614 / Slc10a1 / Slc10a2 / Slco1b2 / Slco4a1,Vitamin ions,Na/Ca/H+,HMDB,HMDB
190,HMDB0000464,Calcium,Cubn / Slc22a6,Vitamin ions,Miscellany 1,HMDB,HMDB
191,HMDB0000467,Nutriacholic acid,Abcb11 / Abcc3 / Gm6614 / Slc10a1 / Slc10a2 / Slco1b2 / Slco4a1,Vitamin ions,Na/Ca/H+,HMDB,HMDB
192,HMDB0000476,"3-Oxo-4,6-choladienoic acid",Abcb11 / Abcc3 / Gm6614 / Slc10a1 / Slc10a2 / Slco1b2 / Slco4a1,Vitamin ions,Na/Ca/H+,HMDB,HMDB
193,HMDB0000478,Allodeoxycholic acid,Abcb11 / Abcc3 / Gm6614 / Slc10a1 / Slc10a2 / Slco1b2 / Slco4a1,Vitamin ions,Na/Ca/H+,HMDB,HMDB
194,HMDB0000482,Caprylic acid,Slc22a6,Vitamin ions,Miscellany 1,HMDB,HMDB
195,HMDB0000502,3-Oxocholic acid,Abcb11 / Abcc3 / Gm6614 / Slc10a1 / Slc10a2 / Slco1b2 / Slco4a1,Vitamin ions,Na/Ca/H+,HMDB,HMDB
196,HMDB0000503,7alpha-Hydroxy-3-oxo-5beta-cholan-24-oic acid,Abcb11 / Abcc3 / Gm6614 / Slc10a1 / Slc10a2 / Slco1b2 / Slco4a1,Vitamin ions,Na/Ca/H+,HMDB,HMDB
197,HMDB0000505,Allocholic acid,Abcb11 / Abcc3 / Gm6614 / Slc10a1 / Slc10a2 / Slco1b2 / Slco4a1,Vitamin ions,Na/Ca/H+,HMDB,HMDB
198,HMDB0000506,alpha-Muricholic acid,Abcb11 / Abcc3 / Gm6614 / Slc10a1 / Slc10a2 / Slco1b2 / Slco4a1,Vitamin ions,Na/Ca/H+,HMDB,HMDB
199,HMDB0000514,Allochenodeoxycholic acid,Abcb11 / Abcc3 / Gm6614 / Slc10a1 / Slc10a2 / Slco1b2 / Slco4a1,Vitamin ions,Na/Ca/H+,HMDB,HMDB
200,HMDB0000518,Chenodeoxycholic acid,Abcb11 / Abcc3 / Gm6614 / Slc10a1 / Slc10a2 / Slco1b2 / Slco4a1,Vitamin ions,Na/Ca/H+,HMDB,HMDB
201,HMDB0000527,"6a,12a-Dihydroxylithocholic acid",Abcb11 / Abcc3 / Gm6614 / Slc10a1 / Slc10a2 / Slco1b2 / Slco4a1,Vitamin ions,Na/Ca/H+,HMDB,HMDB
202,HMDB0000538,Adenosine triphosphate,Atp7a / Atp7b / Tap1,Unknown,Unknown,HMDB,HMDB
203,HMDB0000545,Chenodeoxycholic acid disulfate,Abcb11 / Abcc3 / Gm6614 / Slc10a1 / Slc10a2 / Slco1b2 / Slco4a1,Vitamin ions,Na/Ca/H+,HMDB,HMDB
204,HMDB0000601,Coprocholic acid,Abcb11 / Abcc3 / Gm6614 / Slc10a1 / Slc10a2 / Slco1b2 / Slco4a1,Vitamin ions,Na/Ca/H+,HMDB,HMDB
205,HMDB0000607,Cyanocobalamin,Amn / Cubn / Tcn2,Unknown,Unknown,HMDB,HMDB
206,HMDB0000619,Cholic acid,Abcb11 / Abcb1a / Abcc1 / Abcc2 / Abcc3 / Abcc4 / Gm6614 / Slc10a1 / Slc10a2 / Slc22a7 / Slco1b2 / Slco4a1,Vitamin ions,Miscellany 1 / Na/Ca/H+,HMDB,HMDB
207,HMDB0000626,Deoxycholic acid,Abcb11 / Abcc3 / Gm6614 / Slc10a1 / Slc10a2 / Slco1b2 / Slco4a1,Vitamin ions,Na/Ca/H+,HMDB,HMDB
208,HMDB0000659,Deoxycholic acid disulfate,Abcb11 / Abcc3 / Gm6614 / Slc10a1 / Slc10a2 / Slco1b2 / Slco4a1,Vitamin ions,Na/Ca/H+,HMDB,HMDB
209,HMDB0000661,Glutaric acid,Slc22a6 / Slc22a7,Vitamin ions,Miscellany 1,HMDB,HMDB
210,HMDB0000664,Isohyodeoxycholic acid,Abcb11 / Abcc3 / Gm6614 / Slc10a1 / Slc10a2 / Slco1b2 / Slco4a1,Vitamin ions,Na/Ca/H+,HMDB,HMDB
211,HMDB0000686,Isoursodeoxycholic acid,Abcb11 / Abcc3 / Gm6614 / Slc10a1 / Slc10a2 / Slco1b2 / Slco4a1,Vitamin ions,Na/Ca/H+,HMDB,HMDB
212,HMDB0000710,4-Hydroxybutyric acid,Slc16a1 / Slc16a3 / Slc16a7,Glucose metabolism,Lactate-pyruvate-citrate,HMDB,HMDB
213,HMDB0000713,Isoallolithocholic acid,Abcb11 / Abcc3 / Gm6614 / Slc10a1 / Slc10a2 / Slco1b2 / Slco4a1,Vitamin ions,Na/Ca/H+,HMDB,HMDB
214,HMDB0000717,Isolithocholic acid,Abcb11 / Abcc3 / Gm6614 / Slc10a1 / Slc10a2 / Slco1b2 / Slco4a1,Vitamin ions,Na/Ca/H+,HMDB,HMDB
215,HMDB0000733,Hyodeoxycholic acid,Abcb11 / Abcc3 / Gm6614 / Slc10a1 / Slc10a2 / Slco1b2 / Slco4a1,Vitamin ions,Na/Ca/H+,HMDB,HMDB
216,HMDB0000760,Hyocholic acid,Abcb11 / Abcc3 / Gm6614 / Slc10a1 / Slc10a2 / Slco1b2 / Slco4a1,Vitamin ions,Na/Ca/H+,HMDB,HMDB
217,HMDB0000761,Lithocholic acid,Abcb11 / Abcc3 / Gm6614 / Slc10a1 / Slc10a2 / Slco1b2 / Slco4a1,Vitamin ions,Na/Ca/H+,HMDB,HMDB
218,HMDB0000811,Murocholic acid,Abcb11 / Abcc3 / Gm6614 / Slc10a1 / Slc10a2 / Slco1b2 / Slco4a1,Vitamin ions,Na/Ca/H+,HMDB,HMDB
219,HMDB0000826,Pentadecanoic acid,Slc27a1,Lipid metabolism,Fatty acids,HMDB,HMDB
220,HMDB0000865,Muricholic acid,Abcb11 / Abcc3 / Gm6614 / Slc10a1 / Slc10a2 / Slco1b2 / Slco4a1,Vitamin ions,Na/Ca/H+,HMDB,HMDB
221,HMDB0000907,Sulfolithocholic acid,Abcb11 / Abcc3 / Gm6614 / Slc10a1 / Slc10a2 / Slco1b2 / Slco4a1,Vitamin ions,Na/Ca/H+,HMDB,HMDB
222,HMDB0000910,Tridecanoic acid,Slc27a1,Lipid metabolism,Fatty acids,HMDB,HMDB
223,HMDB0000917,Ursocholic acid,Abcb11 / Abcc3 / Gm6614 / Slc10a1 / Slc10a2 / Slco1b2 / Slco4a1,Vitamin ions,Na/Ca/H+,HMDB,HMDB
224,HMDB0000946,Ursodeoxycholic acid,Abcb11 / Abcc3 / Gm6614 / Slc10a1 / Slc10a2 / Slco1b2 / Slco4a1,Vitamin ions,Na/Ca/H+,HMDB,HMDB
225,HMDB0001041,2-Methylbutyryl-CoA,Slc27a1,Lipid metabolism,Fatty acids,HMDB,HMDB
226,HMDB0001070,Octanoyl-CoA,Slc27a1,Lipid metabolism,Fatty acids,HMDB,HMDB
227,HMDB0001088,Butyryl-CoA,Slc27a1,Lipid metabolism,Fatty acids,HMDB,HMDB
228,HMDB0001112,Glyceraldehyde 3-phosphate,Slco2a1,Unknown,Unknown,HMDB,HMDB
229,HMDB0001113,Isovaleryl-CoA,Slc27a1,Lipid metabolism,Fatty acids,HMDB,HMDB
230,HMDB0001114,Stearoyl-CoA,Slc27a1,Lipid metabolism,Fatty acids,HMDB,HMDB
231,HMDB0001181,"4a-Carboxy-4b-methyl-5a-cholesta-8,24-dien-3b-ol",Abcb11 / Abcc3 / Gm6614 / Slc10a1 / Slc10a2 / Slco1b2 / Slco4a1,Vitamin ions,Na/Ca/H+,HMDB,HMDB
232,HMDB0001198,Leukotriene C4,Abcc1,Unknown,Unknown,HMDB,HMDB
233,HMDB0001206,Acetyl-CoA,Slc27a1,Lipid metabolism,Fatty acids,HMDB,HMDB
234,HMDB0001243,Isobutyryl-CoA,Slc27a1,Lipid metabolism,Fatty acids,HMDB,HMDB
235,HMDB0001257,Spermidine,Slc22a1 / Slc22a4,Vitamin ions,Miscellany 1,HMDB,HMDB
236,HMDB0001275,Propionyl-CoA,Slc27a1,Lipid metabolism,Fatty acids,HMDB,HMDB
237,HMDB0001290,Glutaconyl-CoA,Slc27a1,Lipid metabolism,Fatty acids,HMDB,HMDB
238,HMDB0001338,Palmityl-CoA,Slc27a1,Lipid metabolism,Fatty acids,HMDB,HMDB
239,HMDB0001341,ADP,Atp7a / Atp7b,Unknown,Unknown,HMDB,HMDB
240,HMDB0001425,Estrone sulfate,Slc22a7 / Slco1b2 / Slco1c1 / Slco4a1,Vitamin ions,Miscellany 1,HMDB,HMDB
241,HMDB0001510,Bupropion,Slc6a2,Amino acid metabolism,Amino acids and monoamines,HMDB,HMDB
242,HMDB0001562,Folinic acid,Abcc2 / Abcc3 / Abcc4,Unknown,Unknown,HMDB,HMDB
243,HMDB0001830,Progesterone,Abcb11 / Abcb1a / Abcc1 / Slc10a1 / Slc22a1 / Slc22a2 / Slc22a3,Vitamin ions,Miscellany 1 / Na/Ca/H+,HMDB,HMDB
244,HMDB0001842,Guanidine,Slc22a1 / Slc22a2 / Slc22a3 / Slc22a4 / Slc22a5,Vitamin ions,Miscellany 1,HMDB,HMDB
245,HMDB0001847,Caffeine,Abcb1a,Unknown,Unknown,HMDB,HMDB
246,HMDB0001848,Imipramine,Slc6a2 / Slc6a4,Amino acid metabolism,Amino acids and monoamines,HMDB,HMDB
247,HMDB0001850,Verapamil,Slc22a5,Vitamin ions,Miscellany 1,HMDB,HMDB
248,HMDB0001852,all-trans-Retinoic acid,Crabp1 / Crabp2,Unknown,Unknown,HMDB,HMDB
249,HMDB0001879,Aspirin,Abcb1a / Slc22a6 / Slc22a7,Vitamin ions,Miscellany 1,HMDB,HMDB
250,HMDB0001889,Theophylline,Slc22a7,Vitamin ions,Miscellany 1,HMDB,HMDB
251,HMDB0001894,Aspartame,Slc22a6,Vitamin ions,Miscellany 1,HMDB,HMDB
252,HMDB0001895,Salicylic acid,Abcb1a / Slc16a1 / Slc22a6 / Slc22a7 / Slco2b1,Glucose metabolism / Vitamin ions,Lactate-pyruvate-citrate / Miscellany 1,HMDB,HMDB
253,HMDB0001917,Digoxin,Slco1b2 / Slco4c1,Unknown,Unknown,HMDB,HMDB
254,HMDB0001920,Dextromethorphan,Slc6a4,Amino acid metabolism,Amino acids and monoamines,HMDB,HMDB
255,HMDB0001926,17a-Ethynylestradiol,Abcb11 / Abcb1a / Abcc2 / Slc10a1,Vitamin ions,Na/Ca/H+,HMDB,HMDB
256,HMDB0001933,Furosemide,Abcc2 / Slc12a1 / Slc12a5 / Slc22a5 / Slc22a6 / Slco2a1,Vitamin ions,Miscellany 1,HMDB,HMDB
257,HMDB0001934,Nicotine,Slc22a1 / Slc22a2 / Slc22a3 / Slc22a4 / Slc22a5,Vitamin ions,Miscellany 1,HMDB,HMDB
258,HMDB0002009,Crotonoyl-CoA,Slc27a1,Lipid metabolism,Fatty acids,HMDB,HMDB
259,HMDB0002057,Pristanoyl-CoA,Slc27a1,Lipid metabolism,Fatty acids,HMDB,HMDB
260,HMDB0002082,Bisnorcholic acid,Abcb11 / Abcc3 / Gm6614 / Slc10a1 / Slc10a2 / Slco1b2 / Slco4a1,Vitamin ions,Na/Ca/H+,HMDB,HMDB
261,HMDB0002111,Water,Atp7a / Atp7b,Unknown,Unknown,HMDB,HMDB
262,HMDB0002163,Trihydroxycoprostanoic acid,Abcb11 / Abcc3 / Gm6614 / Slc10a1 / Slc10a2 / Slco1b2 / Slco4a1,Vitamin ions,Na/Ca/H+,HMDB,HMDB
263,HMDB0002174,Cobalamin,Cubn / Tcn2,Unknown,Unknown,HMDB,HMDB
264,HMDB0002195,Varanic acid,Abcb11 / Abcc3 / Gm6614 / Slc10a1 / Slc10a2 / Slco1b2 / Slco4a1,Vitamin ions,Na/Ca/H+,HMDB,HMDB
265,HMDB0002212,Arachidic acid,Slc27a1,Lipid metabolism,Fatty acids,HMDB,HMDB
266,HMDB0002259,Heptadecanoic acid,Slc27a1,Lipid metabolism,Fatty acids,HMDB,HMDB
267,HMDB0002307,Acrylyl-CoA,Slc27a1,Lipid metabolism,Fatty acids,HMDB,HMDB
268,HMDB0002308,Hydroxocobalamin,Amn / Cubn,Unknown,Unknown,HMDB,HMDB
269,HMDB0002329,Oxalic acid,Slco2b1,Unknown,Unknown,HMDB,HMDB
270,HMDB0002421,7-Sulfocholic acid,Abcb11 / Abcc3 / Gm6614 / Slc10a1 / Slc10a2 / Slco1b2 / Slco4a1,Vitamin ions,Na/Ca/H+,HMDB,HMDB
271,HMDB0002430,"(3a,5b,7a)-23-Carboxy-7-hydroxy-24-norcholan-3-yl-b-D-Glucopyranosiduronic acid",Abcb11 / Abcc3 / Gm6614 / Slc10a1 / Slc10a2 / Slco1b2 / Slco4a1,Vitamin ions,Na/Ca/H+,HMDB,HMDB
272,HMDB0002431,12b-Hydroxy-5b-cholanoic acid,Abcb11 / Abcc3 / Gm6614 / Slc10a1 / Slc10a2 / Slco1b2 / Slco4a1,Vitamin ions,Na/Ca/H+,HMDB,HMDB
273,HMDB0002451,"7b,12a-Dihydroxycholanoic acid",Abcb11 / Abcc3 / Gm6614 / Slc10a1 / Slc10a2 / Slco1b2 / Slco4a1,Vitamin ions,Na/Ca/H+,HMDB,HMDB
274,HMDB0002488,"7a,12b-dihydroxy-5b-Cholan-24-oic acid",Abcb11 / Abcc3 / Gm6614 / Slc10a1 / Slc10a2 / Slco1b2 / Slco4a1,Vitamin ions,Na/Ca/H+,HMDB,HMDB
275,HMDB0002492,7a-Hydroxy-5b-cholanic acid,Abcb11 / Abcc3 / Gm6614 / Slc10a1 / Slc10a2 / Slco1b2 / Slco4a1,Vitamin ions,Na/Ca/H+,HMDB,HMDB
276,HMDB0002497,Glycochenodeoxycholate-3-sulfate,Abcb11 / Abcc3 / Gm6614 / Slc10a1 / Slc10a2 / Slco1b2 / Slco4a1,Vitamin ions,Na/Ca/H+,HMDB,HMDB
277,HMDB0002504,3-Sulfodeoxycholic acid,Abcb11 / Abcc3 / Gm6614 / Slc10a1 / Slc10a2 / Slco1b2 / Slco4a1,Vitamin ions,Na/Ca/H+,HMDB,HMDB
278,HMDB0002522,Chenodeoxycholic acid sulfate,Abcb11 / Abcc3 / Gm6614 / Slc10a1 / Slc10a2 / Slco1b2 / Slco4a1,Vitamin ions,Na/Ca/H+,HMDB,HMDB
279,HMDB0002536,Isodeoxycholic acid,Abcb11 / Abcc3 / Gm6614 / Slc10a1 / Slc10a2 / Slco1b2 / Slco4a1,Vitamin ions,Na/Ca/H+,HMDB,HMDB
280,HMDB0002585,"3beta,12beta-Dihydroxy-5beta-cholanoic acid",Abcb11 / Abcc3 / Gm6614 / Slc10a1 / Slc10a2 / Slco1b2 / Slco4a1,Vitamin ions,Na/Ca/H+,HMDB,HMDB
281,HMDB0002586,Chenodeoxycholic acid 3-sulfate,Abcb11 / Abcc3 / Gm6614 / Slc10a1 / Slc10a2 / Slco1b2 / Slco4a1,Vitamin ions,Na/Ca/H+,HMDB,HMDB
282,HMDB0002642,Ursodeoxycholic acid 3-sulfate,Abcb11 / Abcc3 / Gm6614 / Slc10a1 / Slc10a2 / Slco1b2 / Slco4a1,Vitamin ions,Na/Ca/H+,HMDB,HMDB
283,HMDB0002845,Hexanoyl-CoA,Slc27a1,Lipid metabolism,Fatty acids,HMDB,HMDB
284,HMDB0003217,Genistein,Abcb1a / Abcc1 / Abcg3,Unknown,Unknown,HMDB,HMDB
285,HMDB0003571,Lauroyl-CoA,Slc27a1,Lipid metabolism,Fatty acids,HMDB,HMDB
286,HMDB0003712,(2E)-Dodecenoyl-CoA,Slc27a1,Lipid metabolism,Fatty acids,HMDB,HMDB
287,HMDB0003944,trans-2-Hexenoyl-CoA,Slc27a1,Lipid metabolism,Fatty acids,HMDB,HMDB
288,HMDB0003945,(2E)-Hexadecenoyl-CoA,Slc27a1,Lipid metabolism,Fatty acids,HMDB,HMDB
289,HMDB0003946,(2E)-Tetradecenoyl-CoA,Slc27a1,Lipid metabolism,Fatty acids,HMDB,HMDB
290,HMDB0003948,(2E)-Decenoyl-CoA,Slc27a1,Lipid metabolism,Fatty acids,HMDB,HMDB
291,HMDB0003949,(2E)-Octenoyl-CoA,Slc27a1,Lipid metabolism,Fatty acids,HMDB,HMDB
292,HMDB0004257,3Z-dodecenoyl-CoA,Slc27a1,Lipid metabolism,Fatty acids,HMDB,HMDB
293,HMDB0004258,Eicosanoyl-CoA,Slc27a1,Lipid metabolism,Fatty acids,HMDB,HMDB
294,HMDB0005010,Sertraline,Slc6a4,Amino acid metabolism,Amino acids and monoamines,HMDB,HMDB
295,HMDB0005016,Venlafaxine,Slc6a2 / Slc6a4,Amino acid metabolism,Amino acids and monoamines,HMDB,HMDB
296,HMDB0005022,Pravastatin,Abcc2 / Slco1b2,Unknown,Unknown,HMDB,HMDB
297,HMDB0005028,Escitalopram,Slc6a4,Amino acid metabolism,Amino acids and monoamines,HMDB,HMDB
298,HMDB0005035,Ondansetron,Atp7a,Unknown,Unknown,HMDB,HMDB
299,HMDB0005038,Citalopram,Slc6a4,Amino acid metabolism,Amino acids and monoamines,HMDB,HMDB
300,HMDB0005782,Hesperetin,Mttp,Unknown,Unknown,HMDB,HMDB
301,HMDB0006404,Decanoyl-CoA (n-C10:0CoA),Slc27a1,Lipid metabolism,Fatty acids,HMDB,HMDB
302,HMDB0006497,Heptadecanoyl CoA,Slc27a1,Lipid metabolism,Fatty acids,HMDB,HMDB
303,HMDB0006526,Tetracosanoyl-CoA,Slc27a1,Lipid metabolism,Fatty acids,HMDB,HMDB
304,HMDB0006529,trans-Octadec-2-enoyl-CoA,Slc27a1,Lipid metabolism,Fatty acids,HMDB,HMDB
305,HMDB0006898,Chenodeoxyglycocholic acid,Abcb11 / Abcc3 / Gm6614 / Slc10a1 / Slc10a2 / Slco1b2 / Slco4a1,Vitamin ions,Na/Ca/H+,HMDB,HMDB
306,HMDB0011660,2-Methylhexanoyl-CoA,Slc27a1,Lipid metabolism,Fatty acids,HMDB,HMDB
307,HMDB0012969,Heptanoyl-CoA,Slc27a1,Lipid metabolism,Fatty acids,HMDB,HMDB
308,HMDB0013028,Nonanoyl-CoA,Slc27a1,Lipid metabolism,Fatty acids,HMDB,HMDB
309,HMDB0013037,Pentanoyl-CoA,Slc27a1,Lipid metabolism,Fatty acids,HMDB,HMDB
310,HMDB0013114,Undecanoyl-CoA,Slc27a1,Lipid metabolism,Fatty acids,HMDB,HMDB
311,HMDB0013839,N-Desmethylaminopyrine,Slc22a6,Vitamin ions,Miscellany 1,HMDB,HMDB
312,HMDB0013840,3-Hydroxymethylantipyrine,Slc22a6,Vitamin ions,Miscellany 1,HMDB,HMDB
313,HMDB0013842,O-Deethylated candesartan,Abcb1a,Unknown,Unknown,HMDB,HMDB
314,HMDB0013846,E-3179,Abcb1a / Slc22a6,Vitamin ions,Miscellany 1,HMDB,HMDB
315,HMDB0013848,4-Hydroxyvalsartan,Slco1b2,Unknown,Unknown,HMDB,HMDB
316,HMDB0013856,4-Hydroxycyclophosphamide,Abcb1a,Unknown,Unknown,HMDB,HMDB
317,HMDB0013862,N-desmethylimatinib,Abcb1a / Abcg3 / Slc22a1 / Slc22a2,Vitamin ions,Miscellany 1,HMDB,HMDB
318,HMDB0013866,N-Desmethyltamoxifen,Abcb11 / Abcb1a / Abcg3,Unknown,Unknown,HMDB,HMDB
319,HMDB0013895,"3',4'-Dihydrodiol",Abcb1a / Abcc2 / Slco1c1,Unknown,Unknown,HMDB,HMDB
320,HMDB0013897,4-ene-Valproic acid,Slc16a1 / Slc22a5 / Slc22a6 / Slc22a7,Glucose metabolism / Vitamin ions,Lactate-pyruvate-citrate / Miscellany 1,HMDB,HMDB
321,HMDB0013919,N-Desmethyleletriptan,Abcb1a,Unknown,Unknown,HMDB,HMDB
322,HMDB0013946,8-Hydroxycarvedilol,Abcb1a,Unknown,Unknown,HMDB,HMDB
323,HMDB0013961,O-Desmethylverapamil (D-702),Abcb11 / Abcb1a / Abcc1 / Abcc2 / Abcc3 / Abcc4 / Abcg3 / Gm6614 / Slc22a1 / Slc22a4 / Slc22a5 / Slc6a4 / Slco1b2,Amino acid metabolism / Vitamin ions,Amino acids and monoamines / Miscellany 1,HMDB,HMDB
324,HMDB0013974,4'-Hydroxydiclofenac,Abcb1a / Abcc1 / Abcc4 / Slc22a6 / Slco1c1,Vitamin ions,Miscellany 1,HMDB,HMDB
325,HMDB0013989,O-Desmethylnaproxen,Gm6614 / Slc22a6,Vitamin ions,Miscellany 1,HMDB,HMDB
326,HMDB0013995,Hydroxycelecoxib,Abcc4,Unknown,Unknown,HMDB,HMDB
327,HMDB0014008,Hydroxylansoprazole,Abcb1a / Abcg3,Unknown,Unknown,HMDB,HMDB
328,HMDB0014010,5-Hydroxyomeprazole,Abcb1a / Abcc3 / Abcg3,Unknown,Unknown,HMDB,HMDB
329,HMDB0014021,N-Desmethylcitalopram,Abcb1a / Slc6a4,Amino acid metabolism,Amino acids and monoamines,HMDB,HMDB
330,HMDB0014024,2-Hydroxychlorpropamide,Abcb1a / Slc15a1 / Slc15a2 / Slc22a6,Amino acid metabolism / Vitamin ions,Miscellany 1 / Peptides,HMDB,HMDB
331,HMDB0014096,5'-Hydroxypiroxicam,Slc22a6,Vitamin ions,Miscellany 1,HMDB,HMDB
332,HMDB0014322,Fluvoxamine,Abcb1a / Slc6a4,Amino acid metabolism,Amino acids and monoamines,HMDB,HMDB
333,HMDB0014334,Bortezomib,Slc31a1,Vitamin ions,Copper,HMDB,HMDB
334,HMDB0014337,Phentermine,Slc6a2 / Slc6a4,Amino acid metabolism,Amino acids and monoamines,HMDB,HMDB
335,HMDB0014339,Tramadol,Slc6a2 / Slc6a4,Amino acid metabolism,Amino acids and monoamines,HMDB,HMDB
336,HMDB0014342,Fluconazole,Abcb1a,Unknown,Unknown,HMDB,HMDB
337,HMDB0014344,Erythromycin,Abcb1a / Abcc1 / Gm6614 / Slc22a7,Vitamin ions,Miscellany 1,HMDB,HMDB
338,HMDB0014351,Reserpine,Abcb11 / Abcb1a / Abcc2 / Slc22a1 / Slc22a2,Vitamin ions,Miscellany 1,HMDB,HMDB
339,HMDB0014352,Azithromycin,Abcb1a,Unknown,Unknown,HMDB,HMDB
340,HMDB0014359,Torasemide,Slc12a1,Unknown,Unknown,HMDB,HMDB
341,HMDB0014365,Nelfinavir,Abcb1a / Abcg3 / Gm6614 / Slc22a1 / Slco1b2,Vitamin ions,Miscellany 1,HMDB,HMDB
342,HMDB0014369,Indinavir,Abcb1a / Abcc1 / Abcc2 / Gm6614 / Slc22a1 / Slco1b2,Vitamin ions,Miscellany 1,HMDB,HMDB
343,HMDB0014377,Methyclothiazide,Slc12a1,Unknown,Unknown,HMDB,HMDB
344,HMDB0014379,Reboxetine,Abcb1a / Slc6a2,Amino acid metabolism,Amino acids and monoamines,HMDB,HMDB
345,HMDB0014387,Cladribine,Abcg3 / Slc22a1 / Slc22a2,Vitamin ions,Miscellany 1,HMDB,HMDB
346,HMDB0014399,Doxycycline,Slc22a6,Vitamin ions,Miscellany 1,HMDB,HMDB
347,HMDB0014420,Olmesartan,Abcc2 / Slco1b2,Unknown,Unknown,HMDB,HMDB
348,HMDB0014421,Amsacrine,Abcb1a,Unknown,Unknown,HMDB,HMDB
349,HMDB0014434,Atomoxetine,Slc6a2 / Slc6a4,Amino acid metabolism,Amino acids and monoamines,HMDB,HMDB
350,HMDB0014440,Morphine,Abcb1a,Unknown,Unknown,HMDB,HMDB
351,HMDB0014450,Mitomycin,Abcb1a,Unknown,Unknown,HMDB,HMDB
352,HMDB0014456,Ethoxzolamide,Slc22a6,Vitamin ions,Miscellany 1,HMDB,HMDB
353,HMDB0014465,Dihydroergotamine,Abcb1a,Unknown,Unknown,HMDB,HMDB
354,HMDB0014476,Ipratropium bromide,Slc22a4 / Slc22a5,Vitamin ions,Miscellany 1,HMDB,HMDB
355,HMDB0014477,Methadone,Abcb1a,Unknown,Unknown,HMDB,HMDB
356,HMDB0014486,Terfenadine,Abcb1a,Unknown,Unknown,HMDB,HMDB
357,HMDB0014487,Diltiazem,Abcb1a,Unknown,Unknown,HMDB,HMDB
358,HMDB0014488,Protriptyline,Abcb1a / Slc6a2 / Slc6a4,Amino acid metabolism,Amino acids and monoamines,HMDB,HMDB
359,HMDB0014496,Thioguanine,Abcc4,Unknown,Unknown,HMDB,HMDB
360,HMDB0014500,Chlorzoxazone,Abcb1a,Unknown,Unknown,HMDB,HMDB
361,HMDB0014502,Mefloquine,Abcb1a,Unknown,Unknown,HMDB,HMDB
362,HMDB0014505,Vinorelbine,Abcb1a,Unknown,Unknown,HMDB,HMDB
363,HMDB0014513,Cidofovir,Slc22a6,Vitamin ions,Miscellany 1,HMDB,HMDB
364,HMDB0014515,Meprobamate,Abcb1a,Unknown,Unknown,HMDB,HMDB
365,HMDB0014517,Timolol,Abcb1a,Unknown,Unknown,HMDB,HMDB
366,HMDB0014526,Tacrine,Abcb1a,Unknown,Unknown,HMDB,HMDB
367,HMDB0014542,Sorafenib,Abcb1a / Abcc2 / Abcc4 / Abcg3,Unknown,Unknown,HMDB,HMDB
368,HMDB0014543,Zoledronate,Abcc1,Unknown,Unknown,HMDB,HMDB
369,HMDB0014545,Nisoldipine,Abcb1a,Unknown,Unknown,HMDB,HMDB
370,HMDB0014557,Pramipexole,Slc22a1 / Slc22a2,Vitamin ions,Miscellany 1,HMDB,HMDB
371,HMDB0014566,Methylphenidate,Slc6a2 / Slc6a4,Amino acid metabolism,Amino acids and monoamines,HMDB,HMDB
372,HMDB0014572,Streptozocin,Abcb1a / Abcc2,Unknown,Unknown,HMDB,HMDB
373,HMDB0014576,Trifluridine,Slc22a6,Vitamin ions,Miscellany 1,HMDB,HMDB
374,HMDB0014581,Allopurinol,Slc22a7,Vitamin ions,Miscellany 1,HMDB,HMDB
375,HMDB0014583,Trimethoprim,Abcb1a,Unknown,Unknown,HMDB,HMDB
376,HMDB0014584,Gemcitabine,Abcb1a / Slc29a1,Vitamin ions,Nucleoside,HMDB,HMDB
377,HMDB0014587,Teniposide,Abcc6 / Abcg3,Unknown,Unknown,HMDB,HMDB
378,HMDB0014588,Epirubicin,Abcc1,Unknown,Unknown,HMDB,HMDB
379,HMDB0014589,Chloramphenicol,Slc22a6,Vitamin ions,Miscellany 1,HMDB,HMDB
380,HMDB0014590,Loracarbef,Slc15a1 / Slc15a2,Amino acid metabolism,Peptides,HMDB,HMDB
381,HMDB0014611,Quinine,Abcb1a / Gm6614 / Slc22a1 / Slc22a2 / Slc22a4 / Slc22a5,Vitamin ions,Miscellany 1,HMDB,HMDB
382,HMDB0014613,Tetrahydrocannabinol,Abcb1a / Abcg3,Unknown,Unknown,HMDB,HMDB
383,HMDB0014614,Montelukast,Slco2b1,Unknown,Unknown,HMDB,HMDB
384,HMDB0014619,Duloxetine,Slc6a2 / Slc6a4,Amino acid metabolism,Amino acids and monoamines,HMDB,HMDB
385,HMDB0014628,Dicloxacillin,Slc15a1 / Slc15a2,Amino acid metabolism,Peptides,HMDB,HMDB
386,HMDB0014633,Buspirone,Abcb1a,Unknown,Unknown,HMDB,HMDB
387,HMDB0014636,Cefotaxime,Slc15a1 / Slc15a2 / Slc22a6 / Slc22a7,Amino acid metabolism / Vitamin ions,Miscellany 1 / Peptides,HMDB,HMDB
388,HMDB0014643,Tolmetin,Slc22a6,Vitamin ions,Miscellany 1,HMDB,HMDB
389,HMDB0014644,Cimetidine,Abcb11 / Abcb1a / Slc22a1 / Slc22a2 / Slc22a3 / Slc22a4 / Slc22a5 / Slc22a6 / Slc22a7,Vitamin ions,Miscellany 1,HMDB,HMDB
390,HMDB0014645,Haloperidol,Abcb1a,Unknown,Unknown,HMDB,HMDB
391,HMDB0014646,Ritonavir,Abcb1a / Abcc1 / Abcc2 / Abcg3 / Gm6614 / Slco1b2,Unknown,Unknown,HMDB,HMDB
392,HMDB0014650,Triflupromazine,Abcb1a,Unknown,Unknown,HMDB,HMDB
393,HMDB0014656,Cisplatin,Abcb1a / Abcc2 / Abcc3 / Abcc5 / Abcc6 / Atp7a / Atp7b / Slc22a2 / Slc31a1 / Slc31a2,Vitamin ions,Copper / Miscellany 1,HMDB,HMDB
394,HMDB0014661,Caspofungin,Abcb1a / Slc22a1 / Slc22a6 / Slco1b2,Vitamin ions,Miscellany 1,HMDB,HMDB
395,HMDB0014667,Oxaliplatin,Abcg3 / Slc22a1 / Slc22a2 / Slc22a3 / Slc31a1,Vitamin ions,Copper / Miscellany 1,HMDB,HMDB
396,HMDB0014670,Foscarnet,Slc16a1 / Slc22a6,Glucose metabolism / Vitamin ions,Lactate-pyruvate-citrate / Miscellany 1,HMDB,HMDB
397,HMDB0014674,Chlormerodrin,Slc12a1,Unknown,Unknown,HMDB,HMDB
398,HMDB0014675,Cefdinir,Slc15a1 / Slc15a2 / Slc22a5,Amino acid metabolism / Vitamin ions,Miscellany 1 / Peptides,HMDB,HMDB
399,HMDB0014679,Toremifene,Abcb1a,Unknown,Unknown,HMDB,HMDB
400,HMDB0014681,Vincristine,Abcb11 / Abcb1a / Abcc1 / Abcc2 / Abcc3 / Abcg3 / Slc22a3,Vitamin ions,Miscellany 1,HMDB,HMDB
401,HMDB0014695,Lamotrigine,Abcb1a,Unknown,Unknown,HMDB,HMDB
402,HMDB0014699,Bosentan,Abcb11,Unknown,Unknown,HMDB,HMDB
403,HMDB0014704,Carbamazepine,Abcb1a,Unknown,Unknown,HMDB,HMDB
404,HMDB0014710,Vinblastine,Abcb11 / Abcb1a / Abcc1 / Abcc2 / Abcc6 / Slc22a2,Vitamin ions,Miscellany 1,HMDB,HMDB
405,HMDB0014716,Valaciclovir,Slc15a1 / Slc15a2,Amino acid metabolism,Peptides,HMDB,HMDB
406,HMDB0014717,Carbenicillin,Slc22a6,Vitamin ions,Miscellany 1,HMDB,HMDB
407,HMDB0014718,Mazindol,Slc6a2 / Slc6a4,Amino acid metabolism,Amino acids and monoamines,HMDB,HMDB
408,HMDB0014723,Nizatidine,Abcb1a,Unknown,Unknown,HMDB,HMDB
409,HMDB0014733,Oxytetracycline,Slc22a6 / Slc22a7,Vitamin ions,Miscellany 1,HMDB,HMDB
410,HMDB0014744,Cyclothiazide,Slc22a6,Vitamin ions,Miscellany 1,HMDB,HMDB
411,HMDB0014745,Nafcillin,Slc22a6,Vitamin ions,Miscellany 1,HMDB,HMDB
412,HMDB0014760,Nicardipine,Abcb1a,Unknown,Unknown,HMDB,HMDB
413,HMDB0014761,Fluphenazine,Abcb1a,Unknown,Unknown,HMDB,HMDB
414,HMDB0014769,Clofarabine,Abcg3,Unknown,Unknown,HMDB,HMDB
415,HMDB0014775,Astemizole,Abcb1a,Unknown,Unknown,HMDB,HMDB
416,HMDB0014780,Pemetrexed,Slc29a1,Vitamin ions,Nucleoside,HMDB,HMDB
417,HMDB0014781,Mebendazole,Abcb1a,Unknown,Unknown,HMDB,HMDB
418,HMDB0014821,Midazolam,Abcb1a / Slc22a1,Vitamin ions,Miscellany 1,HMDB,HMDB
419,HMDB0014828,Flurazepam,Abcb1a,Unknown,Unknown,HMDB,HMDB
420,HMDB0014831,Fluorescein,Abcb11 / Abcc1 / Slc22a6,Vitamin ions,Miscellany 1,HMDB,HMDB
421,HMDB0014832,Daunorubicin,Abcb11 / Abcb1a / Abcc1 / Abcc2 / Abcc6 / Abcg3 / Slc22a2,Vitamin ions,Miscellany 1,HMDB,HMDB
422,HMDB0014834,Ergotamine,Abcb1a / Slc6a2,Amino acid metabolism,Amino acids and monoamines,HMDB,HMDB
423,HMDB0014836,Nitrofurantoin,Abcg3,Unknown,Unknown,HMDB,HMDB
424,HMDB0014839,Amprenavir,Abcb1a / Abcc1,Unknown,Unknown,HMDB,HMDB
425,HMDB0014841,Methazolamide,Slc22a6,Vitamin ions,Miscellany 1,HMDB,HMDB
426,HMDB0014842,Naltrexone,Abcb1a,Unknown,Unknown,HMDB,HMDB
427,HMDB0014847,Lamivudine,Abcc1 / Abcg3 / Slc22a6,Vitamin ions,Miscellany 1,HMDB,HMDB
428,HMDB0014851,Oxacillin,Slc15a1 / Slc15a2,Amino acid metabolism,Peptides,HMDB,HMDB
429,HMDB0014853,Paroxetine,Abcb1a / Slc6a2 / Slc6a4,Amino acid metabolism,Amino acids and monoamines,HMDB,HMDB
430,HMDB0014856,Adefovir Dipivoxil,Abcc4 / Abcc5 / Slc22a3 / Slc22a6,Vitamin ions,Miscellany 1,HMDB,HMDB
431,HMDB0014864,Trimipramine,Abcb1a / Slc6a2 / Slc6a4,Amino acid metabolism,Amino acids and monoamines,HMDB,HMDB
432,HMDB0014878,Riluzole,Abcg3,Unknown,Unknown,HMDB,HMDB
433,HMDB0014889,Epinastine,Abcb1a,Unknown,Unknown,HMDB,HMDB
434,HMDB0014900,Irinotecan,Abcc1 / Abcg3 / Slc22a3 / Slco1b2,Vitamin ions,Miscellany 1,HMDB,HMDB
435,HMDB0014911,Etoposide,Abcb1a / Abcc1 / Abcc2 / Abcc3 / Abcc6 / Abcg3,Unknown,Unknown,HMDB,HMDB
436,HMDB0014912,Hydroflumethiazide,Slc12a1,Unknown,Unknown,HMDB,HMDB
437,HMDB0014916,Roxithromycin,Abcb1a,Unknown,Unknown,HMDB,HMDB
438,HMDB0014917,Nalidixic Acid,Slc22a6,Vitamin ions,Miscellany 1,HMDB,HMDB
439,HMDB0014925,Aciclovir,Slc22a1 / Slc22a6,Vitamin ions,Miscellany 1,HMDB,HMDB
440,HMDB0014933,Sulfasalazine,Abcc2 / Abcg3 / Slc46a1,Vitamin ions,Na/Ca/H+,HMDB,HMDB
441,HMDB0014936,Gentamicin,Slc22a6,Vitamin ions,Miscellany 1,HMDB,HMDB
442,HMDB0014943,Minaprine,Slc6a4,Amino acid metabolism,Amino acids and monoamines,HMDB,HMDB
443,HMDB0014948,Biperiden,Abcb1a,Unknown,Unknown,HMDB,HMDB
444,HMDB0014949,Ribavirin,Slc28a3 / Slc29a1,Vitamin ions,Nucleoside,HMDB,HMDB
445,HMDB0014950,Phenylbutazone,Slc22a6,Vitamin ions,Miscellany 1,HMDB,HMDB
446,HMDB0014951,Fentanyl,Abcb1a,Unknown,Unknown,HMDB,HMDB
447,HMDB0014952,Meloxicam,Abcc4,Unknown,Unknown,HMDB,HMDB
448,HMDB0014957,Acetazolamide,Slc22a6,Vitamin ions,Miscellany 1,HMDB,HMDB
449,HMDB0014959,Carprofen,Slc22a6,Vitamin ions,Miscellany 1,HMDB,HMDB
450,HMDB0014968,Phenmetrazine,Slc6a2,Amino acid metabolism,Amino acids and monoamines,HMDB,HMDB
451,HMDB0014969,Trifluoperazine,Abcb1a,Unknown,Unknown,HMDB,HMDB
452,HMDB0014971,Cefaclor,Slc15a1 / Slc15a2,Amino acid metabolism,Peptides,HMDB,HMDB
453,HMDB0014983,Clofazimine,Abcb11 / Abcb1a,Unknown,Unknown,HMDB,HMDB
454,HMDB0015002,Tacrolimus,Abcb1a,Unknown,Unknown,HMDB,HMDB
455,HMDB0015013,Flupenthixol,Abcb1a,Unknown,Unknown,HMDB,HMDB
456,HMDB0015014,Eprosartan,Abcc2,Unknown,Unknown,HMDB,HMDB
457,HMDB0015015,Sirolimus,Abcb1a / Slco1b2,Unknown,Unknown,HMDB,HMDB
458,HMDB0015018,Chlorothiazide,Slc22a6,Vitamin ions,Miscellany 1,HMDB,HMDB
459,HMDB0015020,Clomifene,Abcb1a,Unknown,Unknown,HMDB,HMDB
460,HMDB0015024,Bumetanide,Gm6614 / Slc10a1 / Slc12a1 / Slc12a2 / Slc12a4 / Slc12a5 / Slc22a6 / Slc22a7,Vitamin ions,Miscellany 1 / Na/Ca/H+,HMDB,HMDB
461,HMDB0015037,Didanosine,Slc22a6,Vitamin ions,Miscellany 1,HMDB,HMDB
462,HMDB0015039,Ethacrynic acid,Slc12a1 / Slc22a6,Vitamin ions,Miscellany 1,HMDB,HMDB
463,HMDB0015050,Phenformin,Slc22a1 / Slc22a2,Vitamin ions,Miscellany 1,HMDB,HMDB
464,HMDB0015061,Phenoxybenzamine,Slc22a1 / Slc22a2 / Slc22a3,Vitamin ions,Miscellany 1,HMDB,HMDB
465,HMDB0015072,Diethylpropion,Slc6a2,Amino acid metabolism,Amino acids and monoamines,HMDB,HMDB
466,HMDB0015074,Meclofenamic acid,Slc22a6 / Slco1c1,Vitamin ions,Miscellany 1,HMDB,HMDB
467,HMDB0015078,Zalcitabine,Slc22a6 / Slc22a7,Vitamin ions,Miscellany 1,HMDB,HMDB
468,HMDB0015093,Carboplatin,Slc31a1 / Slc31a2,Vitamin ions,Copper,HMDB,HMDB
469,HMDB0015101,Telmisartan,Abcb1a / Abcc2 / Abcg3,Unknown,Unknown,HMDB,HMDB
470,HMDB0015102,Desloratadine,Abcb1a,Unknown,Unknown,HMDB,HMDB
471,HMDB0015105,Dactinomycin,Abcb1a / Abcc1 / Abcc6 / Abcg3 / Slc22a5,Vitamin ions,Miscellany 1,HMDB,HMDB
472,HMDB0015108,Ezetimibe,Abcb1a / Abcc2 / Slco1b2,Unknown,Unknown,HMDB,HMDB
473,HMDB0015110,Dipyridamole,Abcb1a / Abcc4 / Abcc5,Unknown,Unknown,HMDB,HMDB
474,HMDB0015122,Cytarabine,Slc22a1 / Slc22a2 / Slc29a1,Vitamin ions,Miscellany 1 / Nucleoside,HMDB,HMDB
475,HMDB0015132,Doxorubicin,Abcb11 / Abcb1a / Abcc1 / Abcc3 / Abcc6 / Abcg3 / Slc22a16,Unknown,Unknown,HMDB,HMDB
476,HMDB0015135,Cyclacillin,Slc15a1 / Slc15a2 / Slc22a5,Amino acid metabolism / Vitamin ions,Miscellany 1 / Peptides,HMDB,HMDB
477,HMDB0015139,Ganciclovir,Slc22a1 / Slc22a6 / Slc22a7,Vitamin ions,Miscellany 1,HMDB,HMDB
478,HMDB0015146,Metyrapone,Abcc3,Unknown,Unknown,HMDB,HMDB
479,HMDB0015156,Trichlormethiazide,Slc12a1,Unknown,Unknown,HMDB,HMDB
480,HMDB0015158,Felodipine,Abcb1a,Unknown,Unknown,HMDB,HMDB
481,HMDB0015164,Topotecan,Abcb1a / Abcg3,Unknown,Unknown,HMDB,HMDB
482,HMDB0015167,Mercaptopurine,Abcc4 / Abcc5,Unknown,Unknown,HMDB,HMDB
483,HMDB0015169,Procainamide,Slc22a1 / Slc22a2 / Slc22a3 / Slc22a4 / Slc22a5,Vitamin ions,Miscellany 1,HMDB,HMDB
484,HMDB0015171,Selegiline,Abcb1a,Unknown,Unknown,HMDB,HMDB
485,HMDB0015177,Memantine,Slc22a2,Vitamin ions,Miscellany 1,HMDB,HMDB
486,HMDB0015179,Rifampin,Abcb11 / Abcb1a / Abcc1 / Abcc2 / Abcc3 / Abcc5 / Gm6614 / Slc22a7 / Slco1b2 / Slco2b1,Vitamin ions,Miscellany 1,HMDB,HMDB
487,HMDB0015185,Novobiocin,Abcb11 / Abcg3 / Slc22a6,Vitamin ions,Miscellany 1,HMDB,HMDB
488,HMDB0015186,Penicillin G,Slc15a1 / Slc15a2 / Slc22a4 / Slc22a5 / Slc22a6 / Slco1b2 / Slco2b1 / Slco3a1 / Slco4a1,Amino acid metabolism / Vitamin ions,Miscellany 1 / Peptides,HMDB,HMDB
489,HMDB0015187,Nitrendipine,Abcb1a,Unknown,Unknown,HMDB,HMDB
490,HMDB0015193,Amoxicillin,Slc15a1 / Slc15a2 / Slc22a6,Amino acid metabolism / Vitamin ions,Miscellany 1 / Peptides,HMDB,HMDB
491,HMDB0015202,Promethazine,Abcb1a,Unknown,Unknown,HMDB,HMDB
492,HMDB0015205,Atazanavir,Abcb1a / Abcc1,Unknown,Unknown,HMDB,HMDB
493,HMDB0015206,Fludarabine,Slc29a1,Vitamin ions,Nucleoside,HMDB,HMDB
494,HMDB0015232,Pimozide,Abcb1a,Unknown,Unknown,HMDB,HMDB
495,HMDB0015235,Quinacrine,Abcb1a / Slc22a2,Vitamin ions,Miscellany 1,HMDB,HMDB
496,HMDB0015237,Sibutramine,Slc6a2 / Slc6a4,Amino acid metabolism,Amino acids and monoamines,HMDB,HMDB
497,HMDB0015242,Miconazole,Abcb1a,Unknown,Unknown,HMDB,HMDB
498,HMDB0015244,Cefuroxime,Slc15a1 / Slc15a2,Amino acid metabolism,Peptides,HMDB,HMDB
499,HMDB0015247,Nifedipine,Abcb1a / Abcc2 / Abcc3,Unknown,Unknown,HMDB,HMDB
500,HMDB0015256,Tolbutamide,Gm6614 / Slc15a1 / Slc15a2 / Slc22a6 / Slco2b1,Amino acid metabolism / Vitamin ions,Miscellany 1 / Peptides,HMDB,HMDB
501,HMDB0015264,Pioglitazone,Slco1b2,Unknown,Unknown,HMDB,HMDB
502,HMDB0015269,Sulfinpyrazone,Abcb1a / Abcc1 / Abcc2 / Abcc3 / Abcc4 / Abcc5 / Abcc6,Unknown,Unknown,HMDB,HMDB
503,HMDB0015271,Cefadroxil,Slc15a1 / Slc15a2 / Slc22a5 / Slc22a6,Amino acid metabolism / Vitamin ions,Miscellany 1 / Peptides,HMDB,HMDB
504,HMDB0015280,Nefazodone,Abcb1a / Slc6a2 / Slc6a4,Amino acid metabolism,Amino acids and monoamines,HMDB,HMDB
505,HMDB0015293,Terazosin,Abcb1a,Unknown,Unknown,HMDB,HMDB
506,HMDB0015298,Itraconazole,Abcb1a,Unknown,Unknown,HMDB,HMDB
507,HMDB0015300,Arsenic trioxide,Abcb1a / Abcc2,Unknown,Unknown,HMDB,HMDB
508,HMDB0015301,Guanethidine,Slc6a2,Amino acid metabolism,Amino acids and monoamines,HMDB,HMDB
509,HMDB0015308,Idarubicin,Abcc1,Unknown,Unknown,HMDB,HMDB
510,HMDB0015313,Propafenone,Abcb1a,Unknown,Unknown,HMDB,HMDB
511,HMDB0015314,Naloxone,Abcb1a / Gm6614,Unknown,Unknown,HMDB,HMDB
512,HMDB0015315,Domperidone,Abcb1a,Unknown,Unknown,HMDB,HMDB
513,HMDB0015322,Dexfenfluramine,Slc6a4,Amino acid metabolism,Amino acids and monoamines,HMDB,HMDB
514,HMDB0015324,Acebutolol,Abcb1a / Slc22a1,Vitamin ions,Miscellany 1,HMDB,HMDB
515,HMDB0015330,Tubocurarine,Slc22a1,Vitamin ions,Miscellany 1,HMDB,HMDB
516,HMDB0015331,Bromocriptine,Abcb1a,Unknown,Unknown,HMDB,HMDB
517,HMDB0015333,Levetiracetam,Abcb1a / Abcc2,Unknown,Unknown,HMDB,HMDB
518,HMDB0015334,Nadolol,Abcb1a,Unknown,Unknown,HMDB,HMDB
519,HMDB0015335,Mitoxantrone,Abcb1a / Abcc1 / Abcg3,Unknown,Unknown,HMDB,HMDB
520,HMDB0015336,Flumazenil,Abcb1a,Unknown,Unknown,HMDB,HMDB
521,HMDB0015342,Clarithromycin,Abcb1a / Slc22a7,Vitamin ions,Miscellany 1,HMDB,HMDB
522,HMDB0015367,Bromodiphenhydramine,Slc22a6,Vitamin ions,Miscellany 1,HMDB,HMDB
523,HMDB0015369,Chlorprothixene,Abcb1a,Unknown,Unknown,HMDB,HMDB
524,HMDB0015371,Gemfibrozil,Slco1b2,Unknown,Unknown,HMDB,HMDB
525,HMDB0015372,Clomipramine,Abcb1a / Slc6a2 / Slc6a4,Amino acid metabolism,Amino acids and monoamines,HMDB,HMDB
526,HMDB0015374,Bepridil,Abcb1a,Unknown,Unknown,HMDB,HMDB
527,HMDB0015383,Ergonovine,Abcb1a,Unknown,Unknown,HMDB,HMDB
528,HMDB0015384,Dasatinib,Abcb1a / Abcg3,Unknown,Unknown,HMDB,HMDB
529,HMDB0015392,Posaconazole,Abcb1a,Unknown,Unknown,HMDB,HMDB
530,HMDB0015420,Quinethazone,Slc12a1 / Slc12a2,Unknown,Unknown,HMDB,HMDB
531,HMDB0015421,Cefamandole,Slc22a6 / Slc22a7,Vitamin ions,Miscellany 1,HMDB,HMDB
532,HMDB0015448,Troleandomycin,Abcb1a,Unknown,Unknown,HMDB,HMDB
533,HMDB0015451,Ephedrine,Slc6a2,Amino acid metabolism,Amino acids and monoamines,HMDB,HMDB
534,HMDB0015465,Bezafibrate,Slco1b2,Unknown,Unknown,HMDB,HMDB
535,HMDB0015466,Colchicine,Abcb1a / Abcb4 / Abcc1 / Slc22a3,Vitamin ions,Miscellany 1,HMDB,HMDB
536,HMDB0015472,Neostigmine,Abcb1a,Unknown,Unknown,HMDB,HMDB
537,HMDB0015479,Tiotropium,Slc22a4 / Slc22a5,Vitamin ions,Miscellany 1,HMDB,HMDB
538,HMDB0015483,Cefepime,Slc15a1 / Slc15a2 / Slc22a5,Amino acid metabolism / Vitamin ions,Miscellany 1 / Peptides,HMDB,HMDB
539,HMDB0015516,Dextroamphetamine,Slc6a2,Amino acid metabolism,Amino acids and monoamines,HMDB,HMDB
540,HMDB0015517,Methamphetamine,Slc22a3 / Slc22a5 / Slc6a2 / Slc6a4,Amino acid metabolism / Vitamin ions,Amino acids and monoamines / Miscellany 1,HMDB,HMDB
541,HMDB0015519,Phendimetrazine,Slc6a2,Amino acid metabolism,Amino acids and monoamines,HMDB,HMDB
542,HMDB0015520,Oxprenolol,Slc22a2,Vitamin ions,Miscellany 1,HMDB,HMDB
543,HMDB0015534,Nitrazepam,Abcb1a,Unknown,Unknown,HMDB,HMDB
544,HMDB0015535,Cilastatin,Slc22a6 / Slc22a7,Vitamin ions,Miscellany 1,HMDB,HMDB
545,HMDB0015539,Lopinavir,Abcb1a,Unknown,Unknown,HMDB,HMDB
546,HMDB0015570,Fusidic Acid,Abcb11 / Abcc2,Unknown,Unknown,HMDB,HMDB
547,HMDB0015573,Niflumic Acid,Slc16a1 / Slc16a7,Glucose metabolism,Lactate-pyruvate-citrate,HMDB,HMDB
548,HMDB0015595,Nilotinib,Abcb1a / Abcg3,Unknown,Unknown,HMDB,HMDB
549,HMDB0015602,Milnacipran,Slc6a2 / Slc6a4,Amino acid metabolism,Amino acids and monoamines,HMDB,HMDB
550,HMDB0015620,Mianserin,Slc6a2 / Slc6a4,Amino acid metabolism,Amino acids and monoamines,HMDB,HMDB
551,HMDB0015627,Droxidopa,Slc16a10 / Slc6a2,Amino acid metabolism / Glucose metabolism,Amino acids and monoamines / Lactate-pyruvate-citrate,HMDB,HMDB
552,HMDB0015632,Temsirolimus,Abcb1a,Unknown,Unknown,HMDB,HMDB
553,HMDB0015637,Vilazodone,Slc6a4,Amino acid metabolism,Amino acids and monoamines,HMDB,HMDB
554,HMDB0015646,Desvenlafaxine,Slc6a2 / Slc6a4,Amino acid metabolism,Amino acids and monoamines,HMDB,HMDB
555,HMDB0015647,Dexmethylphenidate,Slc6a2 / Slc6a4,Amino acid metabolism,Amino acids and monoamines,HMDB,HMDB
556,HMDB0015652,Levonordefrin,Slc6a2,Amino acid metabolism,Amino acids and monoamines,HMDB,HMDB
557,HMDB0015659,Propylhexedrine,Slc22a3,Vitamin ions,Miscellany 1,HMDB,HMDB
558,HMDB0015685,Azidocillin,Slc15a1 / Slc15a2 / Slc22a5,Amino acid metabolism / Vitamin ions,Miscellany 1 / Peptides,HMDB,HMDB
559,HMDB0030463,Hyperforin,Abcc2 / Slco1b2,Unknown,Unknown,HMDB,HMDB
560,HMDB0031105,Trierucin,Apoa4 / Apoc3 / Cd36 / Mttp / Slc27a1,Lipid metabolism,Fatty acids,HMDB,HMDB
561,HMDB0033991,Daidzin,Abcg3,Unknown,Unknown,HMDB,HMDB
562,HMDB0055952,DG(14:0/0:0/14:0),Slc27a1,Lipid metabolism,Fatty acids,HMDB,HMDB
563,HMDB0055953,DG(14:0/0:0/15:0),Slc27a1,Lipid metabolism,Fatty acids,HMDB,HMDB
564,HMDB0055954,DG(14:0/0:0/16:0),Slc27a1,Lipid metabolism,Fatty acids,HMDB,HMDB
565,HMDB0055955,DG(14:0/0:0/18:0),Slc27a1,Lipid metabolism,Fatty acids,HMDB,HMDB
566,HMDB0055956,DG(14:0/0:0/20:0),Slc27a1,Lipid metabolism,Fatty acids,HMDB,HMDB
567,HMDB0055957,DG(14:0/0:0/22:0),Slc27a1,Lipid metabolism,Fatty acids,HMDB,HMDB
568,HMDB0055958,DG(14:0/0:0/24:0),Slc27a1,Lipid metabolism,Fatty acids,HMDB,HMDB
569,HMDB0055959,DG(14:0/0:0/14:1n5),Slc27a1,Lipid metabolism,Fatty acids,HMDB,HMDB
570,HMDB0055960,DG(14:0/0:0/16:1n7),Slc27a1,Lipid metabolism,Fatty acids,HMDB,HMDB
571,HMDB0055961,DG(14:0/0:0/18:1n7),Slc27a1,Lipid metabolism,Fatty acids,HMDB,HMDB
572,HMDB0055962,DG(14:0/0:0/18:1n9),Slc27a1,Lipid metabolism,Fatty acids,HMDB,HMDB
573,HMDB0055963,DG(14:0/0:0/20:1n9),Slc27a1,Lipid metabolism,Fatty acids,HMDB,HMDB
574,HMDB0055964,DG(14:0/0:0/20:3n9),Slc27a1,Lipid metabolism,Fatty acids,HMDB,HMDB
575,HMDB0055965,DG(14:0/0:0/22:1n9),Slc27a1,Lipid metabolism,Fatty acids,HMDB,HMDB
576,HMDB0055966,DG(14:0/0:0/24:1n9),Slc27a1,Lipid metabolism,Fatty acids,HMDB,HMDB
577,HMDB0055967,DG(14:0/0:0/18:2n6),Slc27a1,Lipid metabolism,Fatty acids,HMDB,HMDB
578,HMDB0055968,DG(14:0/0:0/18:3n6),Slc27a1,Lipid metabolism,Fatty acids,HMDB,HMDB
579,HMDB0055969,DG(14:0/0:0/20:2n6),Slc27a1,Lipid metabolism,Fatty acids,HMDB,HMDB
580,HMDB0055970,DG(14:0/0:0/20:3n6),Slc27a1,Lipid metabolism,Fatty acids,HMDB,HMDB
581,HMDB0055971,DG(14:0/0:0/20:4n6),Slc27a1,Lipid metabolism,Fatty acids,HMDB,HMDB
582,HMDB0055972,DG(14:0/0:0/22:2n6),Slc27a1,Lipid metabolism,Fatty acids,HMDB,HMDB
583,HMDB0055973,DG(14:0/0:0/22:4n6),Slc27a1,Lipid metabolism,Fatty acids,HMDB,HMDB
584,HMDB0055974,DG(14:0/0:0/22:5n6),Slc27a1,Lipid metabolism,Fatty acids,HMDB,HMDB
585,HMDB0055975,DG(14:0/0:0/18:3n3),Slc27a1,Lipid metabolism,Fatty acids,HMDB,HMDB
586,HMDB0055976,DG(14:0/0:0/18:4n3),Slc27a1,Lipid metabolism,Fatty acids,HMDB,HMDB
587,HMDB0055977,DG(14:0/0:0/20:4n3),Slc27a1,Lipid metabolism,Fatty acids,HMDB,HMDB
588,HMDB0055978,DG(14:0/0:0/20:5n3),Slc27a1,Lipid metabolism,Fatty acids,HMDB,HMDB
589,HMDB0055979,DG(14:0/0:0/22:5n3),Slc27a1,Lipid metabolism,Fatty acids,HMDB,HMDB
590,HMDB0055980,DG(14:0/0:0/22:6n3),Slc27a1,Lipid metabolism,Fatty acids,HMDB,HMDB
591,HMDB0055981,DG(15:0/0:0/15:0),Slc27a1,Lipid metabolism,Fatty acids,HMDB,HMDB
592,HMDB0055982,DG(15:0/0:0/16:0),Slc27a1,Lipid metabolism,Fatty acids,HMDB,HMDB
593,HMDB0055983,DG(15:0/0:0/18:0),Slc27a1,Lipid metabolism,Fatty acids,HMDB,HMDB
594,HMDB0055984,DG(15:0/0:0/20:0),Slc27a1,Lipid metabolism,Fatty acids,HMDB,HMDB
595,HMDB0055985,DG(15:0/0:0/22:0),Slc27a1,Lipid metabolism,Fatty acids,HMDB,HMDB
596,HMDB0055986,DG(15:0/0:0/24:0),Slc27a1,Lipid metabolism,Fatty acids,HMDB,HMDB
597,HMDB0055987,DG(15:0/0:0/14:1n5),Slc27a1,Lipid metabolism,Fatty acids,HMDB,HMDB
598,HMDB0055988,DG(15:0/0:0/16:1n7),Slc27a1,Lipid metabolism,Fatty acids,HMDB,HMDB
599,HMDB0055989,DG(15:0/0:0/18:1n7),Slc27a1,Lipid metabolism,Fatty acids,HMDB,HMDB
600,HMDB0055990,DG(15:0/0:0/18:1n9),Slc27a1,Lipid metabolism,Fatty acids,HMDB,HMDB
601,HMDB0055991,DG(15:0/0:0/20:1n9),Slc27a1,Lipid metabolism,Fatty acids,HMDB,HMDB
602,HMDB0055992,DG(15:0/0:0/20:3n9),Slc27a1,Lipid metabolism,Fatty acids,HMDB,HMDB
603,HMDB0055993,DG(15:0/0:0/22:1n9),Slc27a1,Lipid metabolism,Fatty acids,HMDB,HMDB
604,HMDB0055994,DG(15:0/0:0/24:1n9),Slc27a1,Lipid metabolism,Fatty acids,HMDB,HMDB
605,HMDB0055995,DG(15:0/0:0/18:2n6),Slc27a1,Lipid metabolism,Fatty acids,HMDB,HMDB
606,HMDB0055996,DG(15:0/0:0/18:3n6),Slc27a1,Lipid metabolism,Fatty acids,HMDB,HMDB
607,HMDB0055997,DG(15:0/0:0/20:2n6),Slc27a1,Lipid metabolism,Fatty acids,HMDB,HMDB
608,HMDB0055998,DG(15:0/0:0/20:3n6),Slc27a1,Lipid metabolism,Fatty acids,HMDB,HMDB
609,HMDB0055999,DG(15:0/0:0/20:4n6),Slc27a1,Lipid metabolism,Fatty acids,HMDB,HMDB
610,HMDB0056000,DG(15:0/0:0/22:2n6),Slc27a1,Lipid metabolism,Fatty acids,HMDB,HMDB
611,HMDB0056001,DG(15:0/0:0/22:4n6),Slc27a1,Lipid metabolism,Fatty acids,HMDB,HMDB
612,HMDB0056002,DG(15:0/0:0/22:5n6),Slc27a1,Lipid metabolism,Fatty acids,HMDB,HMDB
613,HMDB0056003,DG(15:0/0:0/18:3n3),Slc27a1,Lipid metabolism,Fatty acids,HMDB,HMDB
614,HMDB0056004,DG(15:0/0:0/18:4n3),Slc27a1,Lipid metabolism,Fatty acids,HMDB,HMDB
615,HMDB0056005,DG(15:0/0:0/20:4n3),Slc27a1,Lipid metabolism,Fatty acids,HMDB,HMDB
616,HMDB0056006,DG(15:0/0:0/20:5n3),Slc27a1,Lipid metabolism,Fatty acids,HMDB,HMDB
617,HMDB0056007,DG(15:0/0:0/22:5n3),Slc27a1,Lipid metabolism,Fatty acids,HMDB,HMDB
618,HMDB0056008,DG(15:0/0:0/22:6n3),Slc27a1,Lipid metabolism,Fatty acids,HMDB,HMDB
619,HMDB0056010,DG(16:0/0:0/18:0),Slc27a1,Lipid metabolism,Fatty acids,HMDB,HMDB
620,HMDB0056011,DG(16:0/0:0/20:0),Slc27a1,Lipid metabolism,Fatty acids,HMDB,HMDB
621,HMDB0056012,DG(16:0/0:0/22:0),Slc27a1,Lipid metabolism,Fatty acids,HMDB,HMDB
622,HMDB0056013,DG(16:0/0:0/24:0),Slc27a1,Lipid metabolism,Fatty acids,HMDB,HMDB
623,HMDB0056014,DG(16:0/0:0/14:1n5),Slc27a1,Lipid metabolism,Fatty acids,HMDB,HMDB
624,HMDB0056015,DG(16:0/0:0/16:1n7),Slc27a1,Lipid metabolism,Fatty acids,HMDB,HMDB
625,HMDB0056016,DG(16:0/0:0/18:1n7),Slc27a1,Lipid metabolism,Fatty acids,HMDB,HMDB
626,HMDB0056017,DG(16:0/0:0/18:1n9),Slc27a1,Lipid metabolism,Fatty acids,HMDB,HMDB
627,HMDB0056018,DG(16:0/0:0/20:1n9),Slc27a1,Lipid metabolism,Fatty acids,HMDB,HMDB
628,HMDB0056019,DG(16:0/0:0/20:3n9),Slc27a1,Lipid metabolism,Fatty acids,HMDB,HMDB
629,HMDB0056020,DG(16:0/0:0/22:1n9),Slc27a1,Lipid metabolism,Fatty acids,HMDB,HMDB
630,HMDB0056021,DG(16:0/0:0/24:1n9),Slc27a1,Lipid metabolism,Fatty acids,HMDB,HMDB
631,HMDB0056022,DG(16:0/0:0/18:2n6),Slc27a1,Lipid metabolism,Fatty acids,HMDB,HMDB
632,HMDB0056023,DG(16:0/0:0/18:3n6),Slc27a1,Lipid metabolism,Fatty acids,HMDB,HMDB
633,HMDB0056024,DG(16:0/0:0/20:2n6),Slc27a1,Lipid metabolism,Fatty acids,HMDB,HMDB
634,HMDB0056025,DG(16:0/0:0/20:3n6),Slc27a1,Lipid metabolism,Fatty acids,HMDB,HMDB
635,HMDB0056026,DG(16:0/0:0/20:4n6),Slc27a1,Lipid metabolism,Fatty acids,HMDB,HMDB
636,HMDB0056027,DG(16:0/0:0/22:2n6),Slc27a1,Lipid metabolism,Fatty acids,HMDB,HMDB
637,HMDB0056028,DG(16:0/0:0/22:4n6),Slc27a1,Lipid metabolism,Fatty acids,HMDB,HMDB
638,HMDB0056029,DG(16:0/0:0/22:5n6),Slc27a1,Lipid metabolism,Fatty acids,HMDB,HMDB
639,HMDB0056030,DG(16:0/0:0/18:3n3),Slc27a1,Lipid metabolism,Fatty acids,HMDB,HMDB
640,HMDB0056031,DG(16:0/0:0/18:4n3),Slc27a1,Lipid metabolism,Fatty acids,HMDB,HMDB
641,HMDB0056032,DG(16:0/0:0/20:4n3),Slc27a1,Lipid metabolism,Fatty acids,HMDB,HMDB
642,HMDB0056033,DG(16:0/0:0/20:5n3),Slc27a1,Lipid metabolism,Fatty acids,HMDB,HMDB
643,HMDB0056034,DG(16:0/0:0/22:5n3),Slc27a1,Lipid metabolism,Fatty acids,HMDB,HMDB
644,HMDB0056035,DG(16:0/0:0/22:6n3),Slc27a1,Lipid metabolism,Fatty acids,HMDB,HMDB
645,HMDB0056036,DG(18:0/0:0/18:0),Slc27a1,Lipid metabolism,Fatty acids,HMDB,HMDB
646,HMDB0056037,DG(18:0/0:0/20:0),Slc27a1,Lipid metabolism,Fatty acids,HMDB,HMDB
647,HMDB0056038,DG(18:0/0:0/22:0),Slc27a1,Lipid metabolism,Fatty acids,HMDB,HMDB
648,HMDB0056039,DG(18:0/0:0/24:0),Slc27a1,Lipid metabolism,Fatty acids,HMDB,HMDB
649,HMDB0056040,DG(18:0/0:0/14:1n5),Slc27a1,Lipid metabolism,Fatty acids,HMDB,HMDB
650,HMDB0056041,DG(18:0/0:0/16:1n7),Slc27a1,Lipid metabolism,Fatty acids,HMDB,HMDB
651,HMDB0056042,DG(18:0/0:0/18:1n7),Slc27a1,Lipid metabolism,Fatty acids,HMDB,HMDB
652,HMDB0056043,DG(18:0/0:0/18:1n9),Slc27a1,Lipid metabolism,Fatty acids,HMDB,HMDB
653,HMDB0056044,DG(18:0/0:0/20:1n9),Slc27a1,Lipid metabolism,Fatty acids,HMDB,HMDB
654,HMDB0056045,DG(18:0/0:0/20:3n9),Slc27a1,Lipid metabolism,Fatty acids,HMDB,HMDB
655,HMDB0056046,DG(18:0/0:0/22:1n9),Slc27a1,Lipid metabolism,Fatty acids,HMDB,HMDB
656,HMDB0056047,DG(18:0/0:0/24:1n9),Slc27a1,Lipid metabolism,Fatty acids,HMDB,HMDB
657,HMDB0056048,DG(18:0/0:0/18:2n6),Slc27a1,Lipid metabolism,Fatty acids,HMDB,HMDB
658,HMDB0056049,DG(18:0/0:0/18:3n6),Slc27a1,Lipid metabolism,Fatty acids,HMDB,HMDB
659,HMDB0056050,DG(18:0/0:0/20:2n6),Slc27a1,Lipid metabolism,Fatty acids,HMDB,HMDB
660,HMDB0056051,DG(18:0/0:0/20:3n6),Slc27a1,Lipid metabolism,Fatty acids,HMDB,HMDB
661,HMDB0056052,DG(18:0/0:0/20:4n6),Slc27a1,Lipid metabolism,Fatty acids,HMDB,HMDB
662,HMDB0056053,DG(18:0/0:0/22:2n6),Slc27a1,Lipid metabolism,Fatty acids,HMDB,HMDB
663,HMDB0056054,DG(18:0/0:0/22:4n6),Slc27a1,Lipid metabolism,Fatty acids,HMDB,HMDB
664,HMDB0056055,DG(18:0/0:0/22:5n6),Slc27a1,Lipid metabolism,Fatty acids,HMDB,HMDB
665,HMDB0056056,DG(18:0/0:0/18:3n3),Slc27a1,Lipid metabolism,Fatty acids,HMDB,HMDB
666,HMDB0056057,DG(18:0/0:0/18:4n3),Slc27a1,Lipid metabolism,Fatty acids,HMDB,HMDB
667,HMDB0056058,DG(18:0/0:0/20:4n3),Slc27a1,Lipid metabolism,Fatty acids,HMDB,HMDB
668,HMDB0056059,DG(18:0/0:0/20:5n3),Slc27a1,Lipid metabolism,Fatty acids,HMDB,HMDB
669,HMDB0056060,DG(18:0/0:0/22:5n3),Slc27a1,Lipid metabolism,Fatty acids,HMDB,HMDB
670,HMDB0056061,DG(18:0/0:0/22:6n3),Slc27a1,Lipid metabolism,Fatty acids,HMDB,HMDB
671,HMDB0056062,DG(20:0/0:0/20:0),Slc27a1,Lipid metabolism,Fatty acids,HMDB,HMDB
672,HMDB0056063,DG(20:0/0:0/22:0),Slc27a1,Lipid metabolism,Fatty acids,HMDB,HMDB
673,HMDB0056064,DG(20:0/0:0/24:0),Slc27a1,Lipid metabolism,Fatty acids,HMDB,HMDB
674,HMDB0056065,DG(20:0/0:0/14:1n5),Slc27a1,Lipid metabolism,Fatty acids,HMDB,HMDB
675,HMDB0056066,DG(20:0/0:0/16:1n7),Slc27a1,Lipid metabolism,Fatty acids,HMDB,HMDB
676,HMDB0056067,DG(20:0/0:0/18:1n7),Slc27a1,Lipid metabolism,Fatty acids,HMDB,HMDB
677,HMDB0056068,DG(20:0/0:0/18:1n9),Slc27a1,Lipid metabolism,Fatty acids,HMDB,HMDB
678,HMDB0056069,DG(20:0/0:0/20:1n9),Slc27a1,Lipid metabolism,Fatty acids,HMDB,HMDB
679,HMDB0056070,DG(20:0/0:0/20:3n9),Slc27a1,Lipid metabolism,Fatty acids,HMDB,HMDB
680,HMDB0056071,DG(20:0/0:0/22:1n9),Slc27a1,Lipid metabolism,Fatty acids,HMDB,HMDB
681,HMDB0056072,DG(20:0/0:0/24:1n9),Slc27a1,Lipid metabolism,Fatty acids,HMDB,HMDB
682,HMDB0056073,DG(20:0/0:0/18:2n6),Slc27a1,Lipid metabolism,Fatty acids,HMDB,HMDB
683,HMDB0056074,DG(20:0/0:0/18:3n6),Slc27a1,Lipid metabolism,Fatty acids,HMDB,HMDB
684,HMDB0056075,DG(20:0/0:0/20:2n6),Slc27a1,Lipid metabolism,Fatty acids,HMDB,HMDB
685,HMDB0056076,DG(20:0/0:0/20:3n6),Slc27a1,Lipid metabolism,Fatty acids,HMDB,HMDB
686,HMDB0056077,DG(20:0/0:0/20:4n6),Slc27a1,Lipid metabolism,Fatty acids,HMDB,HMDB
687,HMDB0056078,DG(20:0/0:0/22:2n6),Slc27a1,Lipid metabolism,Fatty acids,HMDB,HMDB
688,HMDB0056079,DG(20:0/0:0/22:4n6),Slc27a1,Lipid metabolism,Fatty acids,HMDB,HMDB
689,HMDB0056080,DG(20:0/0:0/22:5n6),Slc27a1,Lipid metabolism,Fatty acids,HMDB,HMDB
690,HMDB0056081,DG(20:0/0:0/18:3n3),Slc27a1,Lipid metabolism,Fatty acids,HMDB,HMDB
691,HMDB0056082,DG(20:0/0:0/18:4n3),Slc27a1,Lipid metabolism,Fatty acids,HMDB,HMDB
692,HMDB0056083,DG(20:0/0:0/20:4n3),Slc27a1,Lipid metabolism,Fatty acids,HMDB,HMDB
693,HMDB0056084,DG(20:0/0:0/20:5n3),Slc27a1,Lipid metabolism,Fatty acids,HMDB,HMDB
694,HMDB0056085,DG(20:0/0:0/22:5n3),Slc27a1,Lipid metabolism,Fatty acids,HMDB,HMDB
695,HMDB0056086,DG(20:0/0:0/22:6n3),Slc27a1,Lipid metabolism,Fatty acids,HMDB,HMDB
696,HMDB0056087,DG(22:0/0:0/22:0),Slc27a1,Lipid metabolism,Fatty acids,HMDB,HMDB
697,HMDB0056088,DG(22:0/0:0/24:0),Slc27a1,Lipid metabolism,Fatty acids,HMDB,HMDB
698,HMDB0056089,DG(22:0/0:0/14:1n5),Slc27a1,Lipid metabolism,Fatty acids,HMDB,HMDB
699,HMDB0056090,DG(22:0/0:0/16:1n7),Slc27a1,Lipid metabolism,Fatty acids,HMDB,HMDB
700,HMDB0056091,DG(22:0/0:0/18:1n7),Slc27a1,Lipid metabolism,Fatty acids,HMDB,HMDB
701,HMDB0056092,DG(22:0/0:0/18:1n9),Slc27a1,Lipid metabolism,Fatty acids,HMDB,HMDB
702,HMDB0056093,DG(22:0/0:0/20:1n9),Slc27a1,Lipid metabolism,Fatty acids,HMDB,HMDB
703,HMDB0056094,DG(22:0/0:0/20:3n9),Slc27a1,Lipid metabolism,Fatty acids,HMDB,HMDB
704,HMDB0056095,DG(22:0/0:0/22:1n9),Slc27a1,Lipid metabolism,Fatty acids,HMDB,HMDB
705,HMDB0056096,DG(22:0/0:0/24:1n9),Slc27a1,Lipid metabolism,Fatty acids,HMDB,HMDB
706,HMDB0056097,DG(22:0/0:0/18:2n6),Slc27a1,Lipid metabolism,Fatty acids,HMDB,HMDB
707,HMDB0056098,DG(22:0/0:0/18:3n6),Slc27a1,Lipid metabolism,Fatty acids,HMDB,HMDB
708,HMDB0056099,DG(22:0/0:0/20:2n6),Slc27a1,Lipid metabolism,Fatty acids,HMDB,HMDB
709,HMDB0056100,DG(22:0/0:0/20:3n6),Slc27a1,Lipid metabolism,Fatty acids,HMDB,HMDB
710,HMDB0056101,DG(22:0/0:0/20:4n6),Slc27a1,Lipid metabolism,Fatty acids,HMDB,HMDB
711,HMDB0056102,DG(22:0/0:0/22:2n6),Slc27a1,Lipid metabolism,Fatty acids,HMDB,HMDB
712,HMDB0056103,DG(22:0/0:0/22:4n6),Slc27a1,Lipid metabolism,Fatty acids,HMDB,HMDB
713,HMDB0056104,DG(22:0/0:0/22:5n6),Slc27a1,Lipid metabolism,Fatty acids,HMDB,HMDB
714,HMDB0056105,DG(22:0/0:0/18:3n3),Slc27a1,Lipid metabolism,Fatty acids,HMDB,HMDB
715,HMDB0056106,DG(22:0/0:0/18:4n3),Slc27a1,Lipid metabolism,Fatty acids,HMDB,HMDB
716,HMDB0056107,DG(22:0/0:0/20:4n3),Slc27a1,Lipid metabolism,Fatty acids,HMDB,HMDB
717,HMDB0056108,DG(22:0/0:0/20:5n3),Slc27a1,Lipid metabolism,Fatty acids,HMDB,HMDB
718,HMDB0056109,DG(22:0/0:0/22:5n3),Slc27a1,Lipid metabolism,Fatty acids,HMDB,HMDB
719,HMDB0056110,DG(22:0/0:0/22:6n3),Slc27a1,Lipid metabolism,Fatty acids,HMDB,HMDB
720,HMDB0056111,DG(24:0/0:0/24:0),Slc27a1,Lipid metabolism,Fatty acids,HMDB,HMDB
721,HMDB0056112,DG(24:0/0:0/14:1n5),Slc27a1,Lipid metabolism,Fatty acids,HMDB,HMDB
722,HMDB0056113,DG(24:0/0:0/16:1n7),Slc27a1,Lipid metabolism,Fatty acids,HMDB,HMDB
723,HMDB0056114,DG(24:0/0:0/18:1n7),Slc27a1,Lipid metabolism,Fatty acids,HMDB,HMDB
724,HMDB0056115,DG(24:0/0:0/18:1n9),Slc27a1,Lipid metabolism,Fatty acids,HMDB,HMDB
725,HMDB0056116,DG(24:0/0:0/20:1n9),Slc27a1,Lipid metabolism,Fatty acids,HMDB,HMDB
726,HMDB0056117,DG(24:0/0:0/20:3n9),Slc27a1,Lipid metabolism,Fatty acids,HMDB,HMDB
727,HMDB0056118,DG(24:0/0:0/22:1n9),Slc27a1,Lipid metabolism,Fatty acids,HMDB,HMDB
728,HMDB0056119,DG(24:0/0:0/24:1n9),Slc27a1,Lipid metabolism,Fatty acids,HMDB,HMDB
729,HMDB0056120,DG(24:0/0:0/18:2n6),Slc27a1,Lipid metabolism,Fatty acids,HMDB,HMDB
730,HMDB0056121,DG(24:0/0:0/18:3n6),Slc27a1,Lipid metabolism,Fatty acids,HMDB,HMDB
731,HMDB0056122,DG(24:0/0:0/20:2n6),Slc27a1,Lipid metabolism,Fatty acids,HMDB,HMDB
732,HMDB0056123,DG(24:0/0:0/20:3n6),Slc27a1,Lipid metabolism,Fatty acids,HMDB,HMDB
733,HMDB0056124,DG(24:0/0:0/20:4n6),Slc27a1,Lipid metabolism,Fatty acids,HMDB,HMDB
734,HMDB0056125,DG(24:0/0:0/22:2n6),Slc27a1,Lipid metabolism,Fatty acids,HMDB,HMDB
735,HMDB0056126,DG(24:0/0:0/22:4n6),Slc27a1,Lipid metabolism,Fatty acids,HMDB,HMDB
736,HMDB0056127,DG(24:0/0:0/22:5n6),Slc27a1,Lipid metabolism,Fatty acids,HMDB,HMDB
737,HMDB0056128,DG(24:0/0:0/18:3n3),Slc27a1,Lipid metabolism,Fatty acids,HMDB,HMDB
738,HMDB0056129,DG(24:0/0:0/18:4n3),Slc27a1,Lipid metabolism,Fatty acids,HMDB,HMDB
739,HMDB0056130,DG(24:0/0:0/20:4n3),Slc27a1,Lipid metabolism,Fatty acids,HMDB,HMDB
740,HMDB0056131,DG(24:0/0:0/20:5n3),Slc27a1,Lipid metabolism,Fatty acids,HMDB,HMDB
741,HMDB0056132,DG(24:0/0:0/22:5n3),Slc27a1,Lipid metabolism,Fatty acids,HMDB,HMDB
742,HMDB0056133,DG(24:0/0:0/22:6n3),Slc27a1,Lipid metabolism,Fatty acids,HMDB,HMDB
743,HMDB0056134,DG(14:1n5/0:0/14:1n5),Slc27a1,Lipid metabolism,Fatty acids,HMDB,HMDB
744,HMDB0056135,DG(14:1n5/0:0/16:1n7),Slc27a1,Lipid metabolism,Fatty acids,HMDB,HMDB
745,HMDB0056136,DG(14:1n5/0:0/18:1n7),Slc27a1,Lipid metabolism,Fatty acids,HMDB,HMDB
746,HMDB0056137,DG(14:1n5/0:0/18:1n9),Slc27a1,Lipid metabolism,Fatty acids,HMDB,HMDB
747,HMDB0056138,DG(14:1n5/0:0/20:1n9),Slc27a1,Lipid metabolism,Fatty acids,HMDB,HMDB
748,HMDB0056139,DG(14:1n5/0:0/20:3n9),Slc27a1,Lipid metabolism,Fatty acids,HMDB,HMDB
749,HMDB0056140,DG(14:1n5/0:0/22:1n9),Slc27a1,Lipid metabolism,Fatty acids,HMDB,HMDB
750,HMDB0056141,DG(14:1n5/0:0/24:1n9),Slc27a1,Lipid metabolism,Fatty acids,HMDB,HMDB
751,HMDB0056142,DG(14:1n5/0:0/18:2n6),Slc27a1,Lipid metabolism,Fatty acids,HMDB,HMDB
752,HMDB0056143,DG(14:1n5/0:0/18:3n6),Slc27a1,Lipid metabolism,Fatty acids,HMDB,HMDB
753,HMDB0056144,DG(14:1n5/0:0/20:2n6),Slc27a1,Lipid metabolism,Fatty acids,HMDB,HMDB
754,HMDB0056145,DG(14:1n5/0:0/20:3n6),Slc27a1,Lipid metabolism,Fatty acids,HMDB,HMDB
755,HMDB0056146,DG(14:1n5/0:0/20:4n6),Slc27a1,Lipid metabolism,Fatty acids,HMDB,HMDB
756,HMDB0056147,DG(14:1n5/0:0/22:2n6),Slc27a1,Lipid metabolism,Fatty acids,HMDB,HMDB
757,HMDB0056148,DG(14:1n5/0:0/22:4n6),Slc27a1,Lipid metabolism,Fatty acids,HMDB,HMDB
758,HMDB0056149,DG(14:1n5/0:0/22:5n6),Slc27a1,Lipid metabolism,Fatty acids,HMDB,HMDB
759,HMDB0056150,DG(14:1n5/0:0/18:3n3),Slc27a1,Lipid metabolism,Fatty acids,HMDB,HMDB
760,HMDB0056151,DG(14:1n5/0:0/18:4n3),Slc27a1,Lipid metabolism,Fatty acids,HMDB,HMDB
761,HMDB0056152,DG(14:1n5/0:0/20:4n3),Slc27a1,Lipid metabolism,Fatty acids,HMDB,HMDB
762,HMDB0056153,DG(14:1n5/0:0/20:5n3),Slc27a1,Lipid metabolism,Fatty acids,HMDB,HMDB
763,HMDB0056154,DG(14:1n5/0:0/22:5n3),Slc27a1,Lipid metabolism,Fatty acids,HMDB,HMDB
764,HMDB0056155,DG(14:1n5/0:0/22:6n3),Slc27a1,Lipid metabolism,Fatty acids,HMDB,HMDB
765,HMDB0056156,DG(16:1n7/0:0/16:1n7),Slc27a1,Lipid metabolism,Fatty acids,HMDB,HMDB
766,HMDB0056157,DG(16:1n7/0:0/18:1n7),Slc27a1,Lipid metabolism,Fatty acids,HMDB,HMDB
767,HMDB0056158,DG(16:1n7/0:0/18:1n9),Slc27a1,Lipid metabolism,Fatty acids,HMDB,HMDB
768,HMDB0056159,DG(16:1n7/0:0/20:1n9),Slc27a1,Lipid metabolism,Fatty acids,HMDB,HMDB
769,HMDB0056160,DG(16:1n7/0:0/20:3n9),Slc27a1,Lipid metabolism,Fatty acids,HMDB,HMDB
770,HMDB0056161,DG(16:1n7/0:0/22:1n9),Slc27a1,Lipid metabolism,Fatty acids,HMDB,HMDB
771,HMDB0056162,DG(16:1n7/0:0/24:1n9),Slc27a1,Lipid metabolism,Fatty acids,HMDB,HMDB
772,HMDB0056163,DG(16:1n7/0:0/18:2n6),Slc27a1,Lipid metabolism,Fatty acids,HMDB,HMDB
773,HMDB0056164,DG(16:1n7/0:0/18:3n6),Slc27a1,Lipid metabolism,Fatty acids,HMDB,HMDB
774,HMDB0056165,DG(16:1n7/0:0/20:2n6),Slc27a1,Lipid metabolism,Fatty acids,HMDB,HMDB
775,HMDB0056166,DG(16:1n7/0:0/20:3n6),Slc27a1,Lipid metabolism,Fatty acids,HMDB,HMDB
776,HMDB0056167,DG(16:1n7/0:0/20:4n6),Slc27a1,Lipid metabolism,Fatty acids,HMDB,HMDB
777,HMDB0056168,DG(16:1n7/0:0/22:2n6),Slc27a1,Lipid metabolism,Fatty acids,HMDB,HMDB
778,HMDB0056169,DG(16:1n7/0:0/22:4n6),Slc27a1,Lipid metabolism,Fatty acids,HMDB,HMDB
779,HMDB0056170,DG(16:1n7/0:0/22:5n6),Slc27a1,Lipid metabolism,Fatty acids,HMDB,HMDB
780,HMDB0056171,DG(16:1n7/0:0/18:3n3),Slc27a1,Lipid metabolism,Fatty acids,HMDB,HMDB
781,HMDB0056172,DG(16:1n7/0:0/18:4n3),Slc27a1,Lipid metabolism,Fatty acids,HMDB,HMDB
782,HMDB0056173,DG(16:1n7/0:0/20:4n3),Slc27a1,Lipid metabolism,Fatty acids,HMDB,HMDB
783,HMDB0056174,DG(16:1n7/0:0/20:5n3),Slc27a1,Lipid metabolism,Fatty acids,HMDB,HMDB
784,HMDB0056175,DG(16:1n7/0:0/22:5n3),Slc27a1,Lipid metabolism,Fatty acids,HMDB,HMDB
785,HMDB0056176,DG(16:1n7/0:0/22:6n3),Slc27a1,Lipid metabolism,Fatty acids,HMDB,HMDB
786,HMDB0056177,DG(18:1n7/0:0/18:1n7),Slc27a1,Lipid metabolism,Fatty acids,HMDB,HMDB
787,HMDB0056178,DG(18:1n7/0:0/18:1n9),Slc27a1,Lipid metabolism,Fatty acids,HMDB,HMDB
788,HMDB0056179,DG(18:1n7/0:0/20:1n9),Slc27a1,Lipid metabolism,Fatty acids,HMDB,HMDB
789,HMDB0056180,DG(18:1n7/0:0/20:3n9),Slc27a1,Lipid metabolism,Fatty acids,HMDB,HMDB
790,HMDB0056181,DG(18:1n7/0:0/22:1n9),Slc27a1,Lipid metabolism,Fatty acids,HMDB,HMDB
791,HMDB0056182,DG(18:1n7/0:0/24:1n9),Slc27a1,Lipid metabolism,Fatty acids,HMDB,HMDB
792,HMDB0056183,DG(18:1n7/0:0/18:2n6),Slc27a1,Lipid metabolism,Fatty acids,HMDB,HMDB
793,HMDB0056184,DG(18:1n7/0:0/18:3n6),Slc27a1,Lipid metabolism,Fatty acids,HMDB,HMDB
794,HMDB0056185,DG(18:1n7/0:0/20:2n6),Slc27a1,Lipid metabolism,Fatty acids,HMDB,HMDB
795,HMDB0056186,DG(18:1n7/0:0/20:3n6),Slc27a1,Lipid metabolism,Fatty acids,HMDB,HMDB
796,HMDB0056187,DG(18:1n7/0:0/20:4n6),Slc27a1,Lipid metabolism,Fatty acids,HMDB,HMDB
797,HMDB0056188,DG(18:1n7/0:0/22:2n6),Slc27a1,Lipid metabolism,Fatty acids,HMDB,HMDB
798,HMDB0056189,DG(18:1n7/0:0/22:4n6),Slc27a1,Lipid metabolism,Fatty acids,HMDB,HMDB
799,HMDB0056190,DG(18:1n7/0:0/22:5n6),Slc27a1,Lipid metabolism,Fatty acids,HMDB,HMDB
800,HMDB0056191,DG(18:1n7/0:0/18:3n3),Slc27a1,Lipid metabolism,Fatty acids,HMDB,HMDB
801,HMDB0056192,DG(18:1n7/0:0/18:4n3),Slc27a1,Lipid metabolism,Fatty acids,HMDB,HMDB
802,HMDB0056193,DG(18:1n7/0:0/20:4n3),Slc27a1,Lipid metabolism,Fatty acids,HMDB,HMDB
803,HMDB0056194,DG(18:1n7/0:0/20:5n3),Slc27a1,Lipid metabolism,Fatty acids,HMDB,HMDB
804,HMDB0056195,DG(18:1n7/0:0/22:5n3),Slc27a1,Lipid metabolism,Fatty acids,HMDB,HMDB
805,HMDB0056196,DG(18:1n7/0:0/22:6n3),Slc27a1,Lipid metabolism,Fatty acids,HMDB,HMDB
806,HMDB0056197,DG(18:1n9/0:0/18:1n9),Slc27a1,Lipid metabolism,Fatty acids,HMDB,HMDB
807,HMDB0056198,DG(18:1n9/0:0/20:1n9),Slc27a1,Lipid metabolism,Fatty acids,HMDB,HMDB
808,HMDB0056199,DG(18:1n9/0:0/20:3n9),Slc27a1,Lipid metabolism,Fatty acids,HMDB,HMDB
809,HMDB0056200,DG(18:1n9/0:0/22:1n9),Slc27a1,Lipid metabolism,Fatty acids,HMDB,HMDB
810,HMDB0056201,DG(18:1n9/0:0/24:1n9),Slc27a1,Lipid metabolism,Fatty acids,HMDB,HMDB
811,HMDB0056202,DG(18:1n9/0:0/18:2n6),Slc27a1,Lipid metabolism,Fatty acids,HMDB,HMDB
812,HMDB0056203,DG(18:1n9/0:0/18:3n6),Slc27a1,Lipid metabolism,Fatty acids,HMDB,HMDB
813,HMDB0056204,DG(18:1n9/0:0/20:2n6),Slc27a1,Lipid metabolism,Fatty acids,HMDB,HMDB
814,HMDB0056205,DG(18:1n9/0:0/20:3n6),Slc27a1,Lipid metabolism,Fatty acids,HMDB,HMDB
815,HMDB0056206,DG(18:1n9/0:0/20:4n6),Slc27a1,Lipid metabolism,Fatty acids,HMDB,HMDB
816,HMDB0056207,DG(18:1n9/0:0/22:2n6),Slc27a1,Lipid metabolism,Fatty acids,HMDB,HMDB
817,HMDB0056208,DG(18:1n9/0:0/22:4n6),Slc27a1,Lipid metabolism,Fatty acids,HMDB,HMDB
818,HMDB0056209,DG(18:1n9/0:0/22:5n6),Slc27a1,Lipid metabolism,Fatty acids,HMDB,HMDB
819,HMDB0056210,DG(18:1n9/0:0/18:3n3),Slc27a1,Lipid metabolism,Fatty acids,HMDB,HMDB
820,HMDB0056211,DG(18:1n9/0:0/18:4n3),Slc27a1,Lipid metabolism,Fatty acids,HMDB,HMDB
821,HMDB0056212,DG(18:1n9/0:0/20:4n3),Slc27a1,Lipid metabolism,Fatty acids,HMDB,HMDB
822,HMDB0056213,DG(18:1n9/0:0/20:5n3),Slc27a1,Lipid metabolism,Fatty acids,HMDB,HMDB
823,HMDB0056214,DG(18:1n9/0:0/22:5n3),Slc27a1,Lipid metabolism,Fatty acids,HMDB,HMDB
824,HMDB0056215,DG(18:1n9/0:0/22:6n3),Slc27a1,Lipid metabolism,Fatty acids,HMDB,HMDB
825,HMDB0056216,DG(20:1n9/0:0/20:1n9),Slc27a1,Lipid metabolism,Fatty acids,HMDB,HMDB
826,HMDB0056217,DG(20:1n9/0:0/20:3n9),Slc27a1,Lipid metabolism,Fatty acids,HMDB,HMDB
827,HMDB0056218,DG(20:1n9/0:0/22:1n9),Slc27a1,Lipid metabolism,Fatty acids,HMDB,HMDB
828,HMDB0056219,DG(20:1n9/0:0/24:1n9),Slc27a1,Lipid metabolism,Fatty acids,HMDB,HMDB
829,HMDB0056220,DG(20:1n9/0:0/18:2n6),Slc27a1,Lipid metabolism,Fatty acids,HMDB,HMDB
830,HMDB0056221,DG(20:1n9/0:0/18:3n6),Slc27a1,Lipid metabolism,Fatty acids,HMDB,HMDB
831,HMDB0056222,DG(20:1n9/0:0/20:2n6),Slc27a1,Lipid metabolism,Fatty acids,HMDB,HMDB
832,HMDB0056223,DG(20:1n9/0:0/20:3n6),Slc27a1,Lipid metabolism,Fatty acids,HMDB,HMDB
833,HMDB0056224,DG(20:1n9/0:0/20:4n6),Slc27a1,Lipid metabolism,Fatty acids,HMDB,HMDB
834,HMDB0056225,DG(20:1n9/0:0/22:2n6),Slc27a1,Lipid metabolism,Fatty acids,HMDB,HMDB
835,HMDB0056226,DG(20:1n9/0:0/22:4n6),Slc27a1,Lipid metabolism,Fatty acids,HMDB,HMDB
836,HMDB0056227,DG(20:1n9/0:0/22:5n6),Slc27a1,Lipid metabolism,Fatty acids,HMDB,HMDB
837,HMDB0056228,DG(20:1n9/0:0/18:3n3),Slc27a1,Lipid metabolism,Fatty acids,HMDB,HMDB
838,HMDB0056229,DG(20:1n9/0:0/18:4n3),Slc27a1,Lipid metabolism,Fatty acids,HMDB,HMDB
839,HMDB0056230,DG(20:1n9/0:0/20:4n3),Slc27a1,Lipid metabolism,Fatty acids,HMDB,HMDB
840,HMDB0056231,DG(20:1n9/0:0/20:5n3),Slc27a1,Lipid metabolism,Fatty acids,HMDB,HMDB
841,HMDB0056232,DG(20:1n9/0:0/22:5n3),Slc27a1,Lipid metabolism,Fatty acids,HMDB,HMDB
842,HMDB0056233,DG(20:1n9/0:0/22:6n3),Slc27a1,Lipid metabolism,Fatty acids,HMDB,HMDB
843,HMDB0056234,DG(20:3n9/0:0/20:3n9),Slc27a1,Lipid metabolism,Fatty acids,HMDB,HMDB
844,HMDB0056235,DG(20:3n9/0:0/22:1n9),Slc27a1,Lipid metabolism,Fatty acids,HMDB,HMDB
845,HMDB0056236,DG(20:3n9/0:0/24:1n9),Slc27a1,Lipid metabolism,Fatty acids,HMDB,HMDB
846,HMDB0056237,DG(20:3n9/0:0/18:2n6),Slc27a1,Lipid metabolism,Fatty acids,HMDB,HMDB
847,HMDB0056238,DG(20:3n9/0:0/18:3n6),Slc27a1,Lipid metabolism,Fatty acids,HMDB,HMDB
848,HMDB0056239,DG(20:3n9/0:0/20:2n6),Slc27a1,Lipid metabolism,Fatty acids,HMDB,HMDB
849,HMDB0056240,DG(20:3n9/0:0/20:3n6),Slc27a1,Lipid metabolism,Fatty acids,HMDB,HMDB
850,HMDB0056241,DG(20:3n9/0:0/20:4n6),Slc27a1,Lipid metabolism,Fatty acids,HMDB,HMDB
851,HMDB0056242,DG(20:3n9/0:0/22:2n6),Slc27a1,Lipid metabolism,Fatty acids,HMDB,HMDB
852,HMDB0056243,DG(20:3n9/0:0/22:4n6),Slc27a1,Lipid metabolism,Fatty acids,HMDB,HMDB
853,HMDB0056244,DG(20:3n9/0:0/22:5n6),Slc27a1,Lipid metabolism,Fatty acids,HMDB,HMDB
854,HMDB0056245,DG(20:3n9/0:0/18:3n3),Slc27a1,Lipid metabolism,Fatty acids,HMDB,HMDB
855,HMDB0056246,DG(20:3n9/0:0/18:4n3),Slc27a1,Lipid metabolism,Fatty acids,HMDB,HMDB
856,HMDB0056247,DG(20:3n9/0:0/20:4n3),Slc27a1,Lipid metabolism,Fatty acids,HMDB,HMDB
857,HMDB0056248,DG(20:3n9/0:0/20:5n3),Slc27a1,Lipid metabolism,Fatty acids,HMDB,HMDB
858,HMDB0056249,DG(20:3n9/0:0/22:5n3),Slc27a1,Lipid metabolism,Fatty acids,HMDB,HMDB
859,HMDB0056250,DG(20:3n9/0:0/22:6n3),Slc27a1,Lipid metabolism,Fatty acids,HMDB,HMDB
860,HMDB0056251,DG(22:1n9/0:0/22:1n9),Slc27a1,Lipid metabolism,Fatty acids,HMDB,HMDB
861,HMDB0056252,DG(22:1n9/0:0/24:1n9),Slc27a1,Lipid metabolism,Fatty acids,HMDB,HMDB
862,HMDB0056253,DG(22:1n9/0:0/18:2n6),Slc27a1,Lipid metabolism,Fatty acids,HMDB,HMDB
863,HMDB0056254,DG(22:1n9/0:0/18:3n6),Slc27a1,Lipid metabolism,Fatty acids,HMDB,HMDB
864,HMDB0056255,DG(22:1n9/0:0/20:2n6),Slc27a1,Lipid metabolism,Fatty acids,HMDB,HMDB
865,HMDB0056256,DG(22:1n9/0:0/20:3n6),Slc27a1,Lipid metabolism,Fatty acids,HMDB,HMDB
866,HMDB0056257,DG(22:1n9/0:0/20:4n6),Slc27a1,Lipid metabolism,Fatty acids,HMDB,HMDB
867,HMDB0056258,DG(22:1n9/0:0/22:2n6),Slc27a1,Lipid metabolism,Fatty acids,HMDB,HMDB
868,HMDB0056259,DG(22:1n9/0:0/22:4n6),Slc27a1,Lipid metabolism,Fatty acids,HMDB,HMDB
869,HMDB0056260,DG(22:1n9/0:0/22:5n6),Slc27a1,Lipid metabolism,Fatty acids,HMDB,HMDB
870,HMDB0056261,DG(22:1n9/0:0/18:3n3),Slc27a1,Lipid metabolism,Fatty acids,HMDB,HMDB
871,HMDB0056262,DG(22:1n9/0:0/18:4n3),Slc27a1,Lipid metabolism,Fatty acids,HMDB,HMDB
872,HMDB0056263,DG(22:1n9/0:0/20:4n3),Slc27a1,Lipid metabolism,Fatty acids,HMDB,HMDB
873,HMDB0056264,DG(22:1n9/0:0/20:5n3),Slc27a1,Lipid metabolism,Fatty acids,HMDB,HMDB
874,HMDB0056265,DG(22:1n9/0:0/22:5n3),Slc27a1,Lipid metabolism,Fatty acids,HMDB,HMDB
875,HMDB0056266,DG(22:1n9/0:0/22:6n3),Slc27a1,Lipid metabolism,Fatty acids,HMDB,HMDB
876,HMDB0056267,DG(24:1n9/0:0/24:1n9),Slc27a1,Lipid metabolism,Fatty acids,HMDB,HMDB
877,HMDB0056268,DG(24:1n9/0:0/18:2n6),Slc27a1,Lipid metabolism,Fatty acids,HMDB,HMDB
878,HMDB0056269,DG(24:1n9/0:0/18:3n6),Slc27a1,Lipid metabolism,Fatty acids,HMDB,HMDB
879,HMDB0056270,DG(24:1n9/0:0/20:2n6),Slc27a1,Lipid metabolism,Fatty acids,HMDB,HMDB
880,HMDB0056271,DG(24:1n9/0:0/20:3n6),Slc27a1,Lipid metabolism,Fatty acids,HMDB,HMDB
881,HMDB0056272,DG(24:1n9/0:0/20:4n6),Slc27a1,Lipid metabolism,Fatty acids,HMDB,HMDB
882,HMDB0056273,DG(24:1n9/0:0/22:2n6),Slc27a1,Lipid metabolism,Fatty acids,HMDB,HMDB
883,HMDB0056274,DG(24:1n9/0:0/22:4n6),Slc27a1,Lipid metabolism,Fatty acids,HMDB,HMDB
884,HMDB0056275,DG(24:1n9/0:0/22:5n6),Slc27a1,Lipid metabolism,Fatty acids,HMDB,HMDB
885,HMDB0056276,DG(24:1n9/0:0/18:3n3),Slc27a1,Lipid metabolism,Fatty acids,HMDB,HMDB
886,HMDB0056277,DG(24:1n9/0:0/18:4n3),Slc27a1,Lipid metabolism,Fatty acids,HMDB,HMDB
887,HMDB0056278,DG(24:1n9/0:0/20:4n3),Slc27a1,Lipid metabolism,Fatty acids,HMDB,HMDB
888,HMDB0056279,DG(24:1n9/0:0/20:5n3),Slc27a1,Lipid metabolism,Fatty acids,HMDB,HMDB
889,HMDB0056280,DG(24:1n9/0:0/22:5n3),Slc27a1,Lipid metabolism,Fatty acids,HMDB,HMDB
890,HMDB0056281,DG(24:1n9/0:0/22:6n3),Slc27a1,Lipid metabolism,Fatty acids,HMDB,HMDB
891,HMDB0056282,DG(18:2n6/0:0/18:2n6),Slc27a1,Lipid metabolism,Fatty acids,HMDB,HMDB
892,HMDB0056283,DG(18:2n6/0:0/18:3n6),Slc27a1,Lipid metabolism,Fatty acids,HMDB,HMDB
893,HMDB0056284,DG(18:2n6/0:0/20:2n6),Slc27a1,Lipid metabolism,Fatty acids,HMDB,HMDB
894,HMDB0056285,DG(18:2n6/0:0/20:3n6),Slc27a1,Lipid metabolism,Fatty acids,HMDB,HMDB
895,HMDB0056286,DG(18:2n6/0:0/20:4n6),Slc27a1,Lipid metabolism,Fatty acids,HMDB,HMDB
896,HMDB0056287,DG(18:2n6/0:0/22:2n6),Slc27a1,Lipid metabolism,Fatty acids,HMDB,HMDB
897,HMDB0056288,DG(18:2n6/0:0/22:4n6),Slc27a1,Lipid metabolism,Fatty acids,HMDB,HMDB
898,HMDB0056289,DG(18:2n6/0:0/22:5n6),Slc27a1,Lipid metabolism,Fatty acids,HMDB,HMDB
899,HMDB0056290,DG(18:2n6/0:0/18:3n3),Slc27a1,Lipid metabolism,Fatty acids,HMDB,HMDB
900,HMDB0056291,DG(18:2n6/0:0/18:4n3),Slc27a1,Lipid metabolism,Fatty acids,HMDB,HMDB
901,HMDB0056292,DG(18:2n6/0:0/20:4n3),Slc27a1,Lipid metabolism,Fatty acids,HMDB,HMDB
902,HMDB0056293,DG(18:2n6/0:0/20:5n3),Slc27a1,Lipid metabolism,Fatty acids,HMDB,HMDB
903,HMDB0056294,DG(18:2n6/0:0/22:5n3),Slc27a1,Lipid metabolism,Fatty acids,HMDB,HMDB
904,HMDB0056295,DG(18:2n6/0:0/22:6n3),Slc27a1,Lipid metabolism,Fatty acids,HMDB,HMDB
905,HMDB0056296,DG(18:3n6/0:0/18:3n6),Slc27a1,Lipid metabolism,Fatty acids,HMDB,HMDB
906,HMDB0056297,DG(18:3n6/0:0/20:2n6),Slc27a1,Lipid metabolism,Fatty acids,HMDB,HMDB
907,HMDB0056298,DG(18:3n6/0:0/20:3n6),Slc27a1,Lipid metabolism,Fatty acids,HMDB,HMDB
908,HMDB0056299,DG(18:3n6/0:0/20:4n6),Slc27a1,Lipid metabolism,Fatty acids,HMDB,HMDB
909,HMDB0056300,DG(18:3n6/0:0/22:2n6),Slc27a1,Lipid metabolism,Fatty acids,HMDB,HMDB
910,HMDB0056301,DG(18:3n6/0:0/22:4n6),Slc27a1,Lipid metabolism,Fatty acids,HMDB,HMDB
911,HMDB0056302,DG(18:3n6/0:0/22:5n6),Slc27a1,Lipid metabolism,Fatty acids,HMDB,HMDB
912,HMDB0056303,DG(18:3n6/0:0/18:3n3),Slc27a1,Lipid metabolism,Fatty acids,HMDB,HMDB
913,HMDB0056304,DG(18:3n6/0:0/18:4n3),Slc27a1,Lipid metabolism,Fatty acids,HMDB,HMDB
914,HMDB0056305,DG(18:3n6/0:0/20:4n3),Slc27a1,Lipid metabolism,Fatty acids,HMDB,HMDB
915,HMDB0056306,DG(18:3n6/0:0/20:5n3),Slc27a1,Lipid metabolism,Fatty acids,HMDB,HMDB
916,HMDB0056307,DG(18:3n6/0:0/22:5n3),Slc27a1,Lipid metabolism,Fatty acids,HMDB,HMDB
917,HMDB0056308,DG(18:3n6/0:0/22:6n3),Slc27a1,Lipid metabolism,Fatty acids,HMDB,HMDB
918,HMDB0056309,DG(20:2n6/0:0/20:2n6),Slc27a1,Lipid metabolism,Fatty acids,HMDB,HMDB
919,HMDB0056310,DG(20:2n6/0:0/20:3n6),Slc27a1,Lipid metabolism,Fatty acids,HMDB,HMDB
920,HMDB0056311,DG(20:2n6/0:0/20:4n6),Slc27a1,Lipid metabolism,Fatty acids,HMDB,HMDB
921,HMDB0056312,DG(20:2n6/0:0/22:2n6),Slc27a1,Lipid metabolism,Fatty acids,HMDB,HMDB
922,HMDB0056313,DG(20:2n6/0:0/22:4n6),Slc27a1,Lipid metabolism,Fatty acids,HMDB,HMDB
923,HMDB0056314,DG(20:2n6/0:0/22:5n6),Slc27a1,Lipid metabolism,Fatty acids,HMDB,HMDB
924,HMDB0056315,DG(20:2n6/0:0/18:3n3),Slc27a1,Lipid metabolism,Fatty acids,HMDB,HMDB
925,HMDB0056316,DG(20:2n6/0:0/18:4n3),Slc27a1,Lipid metabolism,Fatty acids,HMDB,HMDB
926,HMDB0056317,DG(20:2n6/0:0/20:4n3),Slc27a1,Lipid metabolism,Fatty acids,HMDB,HMDB
927,HMDB0056318,DG(20:2n6/0:0/20:5n3),Slc27a1,Lipid metabolism,Fatty acids,HMDB,HMDB
928,HMDB0056319,DG(20:2n6/0:0/22:5n3),Slc27a1,Lipid metabolism,Fatty acids,HMDB,HMDB
929,HMDB0056320,DG(20:2n6/0:0/22:6n3),Slc27a1,Lipid metabolism,Fatty acids,HMDB,HMDB
930,HMDB0056321,DG(20:3n6/0:0/20:3n6),Slc27a1,Lipid metabolism,Fatty acids,HMDB,HMDB
931,HMDB0056322,DG(20:3n6/0:0/20:4n6),Slc27a1,Lipid metabolism,Fatty acids,HMDB,HMDB
932,HMDB0056323,DG(20:3n6/0:0/22:2n6),Slc27a1,Lipid metabolism,Fatty acids,HMDB,HMDB
933,HMDB0056324,DG(20:3n6/0:0/22:4n6),Slc27a1,Lipid metabolism,Fatty acids,HMDB,HMDB
934,HMDB0056325,DG(20:3n6/0:0/22:5n6),Slc27a1,Lipid metabolism,Fatty acids,HMDB,HMDB
935,HMDB0056326,DG(20:3n6/0:0/18:3n3),Slc27a1,Lipid metabolism,Fatty acids,HMDB,HMDB
936,HMDB0056327,DG(20:3n6/0:0/18:4n3),Slc27a1,Lipid metabolism,Fatty acids,HMDB,HMDB
937,HMDB0056328,DG(20:3n6/0:0/20:4n3),Slc27a1,Lipid metabolism,Fatty acids,HMDB,HMDB
938,HMDB0056329,DG(20:3n6/0:0/20:5n3),Slc27a1,Lipid metabolism,Fatty acids,HMDB,HMDB
939,HMDB0056330,DG(20:3n6/0:0/22:5n3),Slc27a1,Lipid metabolism,Fatty acids,HMDB,HMDB
940,HMDB0056331,DG(20:3n6/0:0/22:6n3),Slc27a1,Lipid metabolism,Fatty acids,HMDB,HMDB
941,HMDB0056332,DG(20:4n6/0:0/20:4n6),Slc27a1,Lipid metabolism,Fatty acids,HMDB,HMDB
942,HMDB0056333,DG(20:4n6/0:0/22:2n6),Slc27a1,Lipid metabolism,Fatty acids,HMDB,HMDB
943,HMDB0056334,DG(20:4n6/0:0/22:4n6),Slc27a1,Lipid metabolism,Fatty acids,HMDB,HMDB
944,HMDB0056335,DG(20:4n6/0:0/22:5n6),Slc27a1,Lipid metabolism,Fatty acids,HMDB,HMDB
945,HMDB0056336,DG(20:4n6/0:0/18:3n3),Slc27a1,Lipid metabolism,Fatty acids,HMDB,HMDB
946,HMDB0056337,DG(20:4n6/0:0/18:4n3),Slc27a1,Lipid metabolism,Fatty acids,HMDB,HMDB
947,HMDB0056338,DG(20:4n6/0:0/20:4n3),Slc27a1,Lipid metabolism,Fatty acids,HMDB,HMDB
948,HMDB0056339,DG(20:4n6/0:0/20:5n3),Slc27a1,Lipid metabolism,Fatty acids,HMDB,HMDB
949,HMDB0056340,DG(20:4n6/0:0/22:5n3),Slc27a1,Lipid metabolism,Fatty acids,HMDB,HMDB
950,HMDB0056341,DG(20:4n6/0:0/22:6n3),Slc27a1,Lipid metabolism,Fatty acids,HMDB,HMDB
951,HMDB0056342,DG(22:2n6/0:0/22:2n6),Slc27a1,Lipid metabolism,Fatty acids,HMDB,HMDB
952,HMDB0056343,DG(22:2n6/0:0/22:4n6),Slc27a1,Lipid metabolism,Fatty acids,HMDB,HMDB
953,HMDB0056344,DG(22:2n6/0:0/22:5n6),Slc27a1,Lipid metabolism,Fatty acids,HMDB,HMDB
954,HMDB0056345,DG(22:2n6/0:0/18:3n3),Slc27a1,Lipid metabolism,Fatty acids,HMDB,HMDB
955,HMDB0056346,DG(22:2n6/0:0/18:4n3),Slc27a1,Lipid metabolism,Fatty acids,HMDB,HMDB
956,HMDB0056347,DG(22:2n6/0:0/20:4n3),Slc27a1,Lipid metabolism,Fatty acids,HMDB,HMDB
957,HMDB0056348,DG(22:2n6/0:0/20:5n3),Slc27a1,Lipid metabolism,Fatty acids,HMDB,HMDB
958,HMDB0056349,DG(22:2n6/0:0/22:5n3),Slc27a1,Lipid metabolism,Fatty acids,HMDB,HMDB
959,HMDB0056350,DG(22:2n6/0:0/22:6n3),Slc27a1,Lipid metabolism,Fatty acids,HMDB,HMDB
960,HMDB0056351,DG(22:4n6/0:0/22:4n6),Slc27a1,Lipid metabolism,Fatty acids,HMDB,HMDB
961,HMDB0056352,DG(22:4n6/0:0/22:5n6),Slc27a1,Lipid metabolism,Fatty acids,HMDB,HMDB
962,HMDB0056353,DG(22:4n6/0:0/18:3n3),Slc27a1,Lipid metabolism,Fatty acids,HMDB,HMDB
963,HMDB0056354,DG(22:4n6/0:0/18:4n3),Slc27a1,Lipid metabolism,Fatty acids,HMDB,HMDB
964,HMDB0056355,DG(22:4n6/0:0/20:4n3),Slc27a1,Lipid metabolism,Fatty acids,HMDB,HMDB
965,HMDB0056356,DG(22:4n6/0:0/20:5n3),Slc27a1,Lipid metabolism,Fatty acids,HMDB,HMDB
966,HMDB0056357,DG(22:4n6/0:0/22:5n3),Slc27a1,Lipid metabolism,Fatty acids,HMDB,HMDB
967,HMDB0056358,DG(22:4n6/0:0/22:6n3),Slc27a1,Lipid metabolism,Fatty acids,HMDB,HMDB
968,HMDB0056359,DG(22:5n6/0:0/22:5n6),Slc27a1,Lipid metabolism,Fatty acids,HMDB,HMDB
969,HMDB0056360,DG(22:5n6/0:0/18:3n3),Slc27a1,Lipid metabolism,Fatty acids,HMDB,HMDB
970,HMDB0056361,DG(22:5n6/0:0/18:4n3),Slc27a1,Lipid metabolism,Fatty acids,HMDB,HMDB
971,HMDB0056362,DG(22:5n6/0:0/20:4n3),Slc27a1,Lipid metabolism,Fatty acids,HMDB,HMDB
972,HMDB0056363,DG(22:5n6/0:0/20:5n3),Slc27a1,Lipid metabolism,Fatty acids,HMDB,HMDB
973,HMDB0056364,DG(22:5n6/0:0/22:5n3),Slc27a1,Lipid metabolism,Fatty acids,HMDB,HMDB
974,HMDB0056365,DG(22:5n6/0:0/22:6n3),Slc27a1,Lipid metabolism,Fatty acids,HMDB,HMDB
975,HMDB0056366,DG(18:3n3/0:0/18:3n3),Slc27a1,Lipid metabolism,Fatty acids,HMDB,HMDB
976,HMDB0056367,DG(18:3n3/0:0/18:4n3),Slc27a1,Lipid metabolism,Fatty acids,HMDB,HMDB
977,HMDB0056368,DG(18:3n3/0:0/20:4n3),Slc27a1,Lipid metabolism,Fatty acids,HMDB,HMDB
978,HMDB0056369,DG(18:3n3/0:0/20:5n3),Slc27a1,Lipid metabolism,Fatty acids,HMDB,HMDB
979,HMDB0056370,DG(18:3n3/0:0/22:5n3),Slc27a1,Lipid metabolism,Fatty acids,HMDB,HMDB
980,HMDB0056371,DG(18:3n3/0:0/22:6n3),Slc27a1,Lipid metabolism,Fatty acids,HMDB,HMDB
981,HMDB0056372,DG(18:4n3/0:0/18:4n3),Slc27a1,Lipid metabolism,Fatty acids,HMDB,HMDB
982,HMDB0056373,DG(18:4n3/0:0/20:4n3),Slc27a1,Lipid metabolism,Fatty acids,HMDB,HMDB
983,HMDB0056374,DG(18:4n3/0:0/20:5n3),Slc27a1,Lipid metabolism,Fatty acids,HMDB,HMDB
984,HMDB0056375,DG(18:4n3/0:0/22:5n3),Slc27a1,Lipid metabolism,Fatty acids,HMDB,HMDB
985,HMDB0056376,DG(18:4n3/0:0/22:6n3),Slc27a1,Lipid metabolism,Fatty acids,HMDB,HMDB
986,HMDB0056377,DG(20:4n3/0:0/20:4n3),Slc27a1,Lipid metabolism,Fatty acids,HMDB,HMDB
987,HMDB0056378,DG(20:4n3/0:0/20:5n3),Slc27a1,Lipid metabolism,Fatty acids,HMDB,HMDB
988,HMDB0056379,DG(20:4n3/0:0/22:5n3),Slc27a1,Lipid metabolism,Fatty acids,HMDB,HMDB
989,HMDB0056380,DG(20:4n3/0:0/22:6n3),Slc27a1,Lipid metabolism,Fatty acids,HMDB,HMDB
990,HMDB0056381,DG(20:5n3/0:0/20:5n3),Slc27a1,Lipid metabolism,Fatty acids,HMDB,HMDB
991,HMDB0056382,DG(20:5n3/0:0/22:5n3),Slc27a1,Lipid metabolism,Fatty acids,HMDB,HMDB
992,HMDB0056383,DG(20:5n3/0:0/22:6n3),Slc27a1,Lipid metabolism,Fatty acids,HMDB,HMDB
993,HMDB0056384,DG(22:5n3/0:0/22:5n3),Slc27a1,Lipid metabolism,Fatty acids,HMDB,HMDB
994,HMDB0056385,DG(22:5n3/0:0/22:6n3),Slc27a1,Lipid metabolism,Fatty acids,HMDB,HMDB
995,HMDB0056386,DG(22:6n3/0:0/22:6n3),Slc27a1,Lipid metabolism,Fatty acids,HMDB,HMDB
996,HMDB0240465,4-Methylumbelliferone sulfate,Abcg3,Unknown,Unknown,HMDB,HMDB
997,HMDB0244744,Phorbol 12-myristate 13-acetate,Slc22a6,Vitamin ions,Miscellany 1,HMDB,HMDB
998,HMDB0249206,Bile acid,Slc10a1,Vitamin ions,Na/Ca/H+,HMDB,HMDB
999,HMDB0250986,Deltorphin,Slco3a1,Unknown,Unknown,HMDB,HMDB
1000,HMDB0250987,Deltorphin II,Slco3a1,Unknown,Unknown,HMDB,HMDB
1001,HMDB0251363,Dilazep,Slc29a1,Vitamin ions,Nucleoside,HMDB,HMDB
1002,HMDB0251382,Dimethylamino,Slc22a1 / Slc22a2,Vitamin ions,Miscellany 1,HMDB,HMDB
1003,HMDB0251547,"2,3-Dimercapto-1-propanesulfonic acid",Slc22a6,Vitamin ions,Miscellany 1,HMDB,HMDB
1004,HMDB0251697,Edaravone,Slc22a6,Vitamin ions,Miscellany 1,HMDB,HMDB
1005,HMDB0251994,Calcium ionophore,Slc22a6,Vitamin ions,Miscellany 1,HMDB,HMDB
1006,HMDB0256449,Pheophorbide a,Abcg3,Unknown,Unknown,HMDB,HMDB
1007,HMDB0259261,Tripeptide,Slc15a1,Amino acid metabolism,Peptides,HMDB,HMDB
